Udall Buttrick,01/22/1971,103108.83,15,b958c9c4-6c40-4139-88d5-a40ea9888e7a
Arlin Swett,12/20/1964,266696.73,14,0c6cb7e8-230f-43d8-b343-65c1b69a698e
Angele Tweedy,02/05/1980,216562.48,3,1594bfc9-526b-48d3-bee1-1ab9606b94c4
Lizzie Bellhanger,08/01/1967,664324.38,22,f7158331-d4d0-4efe-9f39-4a12c7aca740
Lotte McCurtain,04/15/1952,283072.71,10,f1a9aa54-644d-451b-9505-f66cc1f7c690
Ilyssa Dodgson,05/01/1975,544705.01,4,8629bccc-b7f3-4f9d-b3ad-d919a9a518e9
Mac Pridmore,08/27/1971,666254.39,7,d3d3e5c8-14fa-4a56-a62c-b354a3c65e82
Reginald Mansuer,08/04/1964,326284.72,26,0f5a08c7-ab4b-4b87-ac69-f6b12a2819ed
Kellie MacVanamy,09/25/1992,547636.67,12,0867a8df-82a6-462b-bea5-527c85ecd4d6
Kamillah Dracksford,11/27/1979,692826.49,2,afd81ec1-5026-43f0-8fb6-b3131e6cde78
Blakeley Cowan,10/05/1960,604426.0,8,8322db35-8186-48c7-926c-7063faff81f4
Fanny Laister,12/24/1977,237918.5,46,d64e6021-8766-4ba4-9117-92adb14951a0
Rhody Ottewell,07/06/1984,234207.23,29,a7967af8-b479-487e-9e22-b585ddd7fae9
Freddi Boscott,12/07/1997,144151.76,37,0db44942-7809-411a-a6aa-34db4ac850dc
Shamus Everson,01/27/1978,418662.24,24,04f56257-02ce-4393-a0e1-08a59ddd32d8
Margaux Guittet,01/01/1982,305680.29,52,829ac492-ca6b-4bb6-b8b3-0e0ead846a96
Noel Smidmore,03/11/1957,75622.68,16,8ed6ffe1-24a0-4c2a-b78d-880a6e5c5aae
Brandon Thain,08/18/1999,860914.69,59,3d55cf78-2765-49ad-8f83-ca0bb493dd35
Hamil Mawer,10/25/1989,380809.51,29,71206baa-3beb-47d3-8bc5-8c83421da55b
Dwain Sainter,08/18/1987,216047.99,44,2906935a-da95-4186-ad83-1b1694a95d2b
Martie Lawlie,10/19/1975,161452.96,9,87496c74-1714-430b-94e1-caee8295552f
Dacy Suttling,11/09/1985,1497.12,49,40359ba1-7464-4ac5-8704-236aa39a1b87
Ulrikaumeko Algy,07/03/1992,505852.34,7,e8eaa872-5442-4a17-8093-09ee4f29214d
Cornie Sivewright,05/07/2001,81492.52,55,caf17183-6839-4057-becb-5cc937001a0f
Irving Pyburn,03/18/2000,554212.0,20,ba9b61ee-568e-4637-841a-02e05a9e3882
Alta Ethridge,07/12/1988,718020.0,25,f8deb32a-aaee-4962-9c3e-355609c8fe78
Gaby Haxell,12/26/1986,484926.04,45,71415c6f-de8e-4c1c-abc6-1613f6439215
Ricky Tsar,05/11/1961,950551.84,45,e1cd6724-1e64-45f8-9184-edf6d7637b82
Lonnie Rouch,11/07/1981,504855.8,7,1edf2f8f-d1ee-4f5c-bc5f-ec4f3953eeb9
Nessie Alberts,08/15/1994,940020.85,14,6ae1f98a-4f18-4207-91d4-c634f7aec304
Brian Filipczynski,07/13/1952,980729.6,41,bea32cb2-0c4f-4cfe-8b3e-13b797467a63
Vladamir Furney,05/25/1960,567630.74,13,27b56884-0759-4887-a9db-4883ceb91f0d
Deeanne Corkett,01/11/1974,566564.0,28,9f28005c-1c04-467e-84f8-e10234491336
Robinet Gynn,10/07/1988,87035.65,33,098756b8-8bac-4351-9043-eb9cbd7a9dc3
Robinet Saynor,08/03/1955,439944.02,19,90d107b3-e9ad-48a6-a645-58d175937db5
Erroll Steedman,09/12/1991,298333.92,40,579d1409-156b-4f84-941b-91bb5fce60a9
Horatius Richardson,10/11/1977,520822.69,7,5f90f3fb-155e-4cf6-8431-65f70c0181a2
Nelie Scottini,01/05/1995,45207.89,34,f3e88f96-4a42-44af-b4cd-916ac7cbb52b
Sharia Shird,02/13/1962,899687.29,12,ca7432ff-e6b7-4d10-9c26-7f7a0aca849a
Petronella Sewill,12/03/1950,614722.56,41,873cd194-2ada-4347-91c0-c9f5c6e7ed90
Ambur Farthin,08/17/1974,883623.15,7,0dd63f21-86db-4d82-a154-d18bac4482c4
Roberto Trencher,10/12/1957,533198.38,37,8930012f-ddd8-4bb8-ae0b-2f5411b42c3e
Koressa Mackison,08/21/1990,887204.29,8,ebb10ac7-a189-43cd-9f5c-e5a2c6a5500f
Jeanette Freddi,03/28/1967,47196.19,43,dd611229-463e-4b06-95f2-cafec14fc197
Emalia Lowery,04/03/1961,801968.32,35,4080fe22-71c8-450c-ae8f-d5b31004ebfb
Allyson Nerney,10/24/1991,175896.64,29,e611e7ed-27a4-46d1-af22-81652b2d0a7c
Xenos Jaram,07/23/1969,413627.68,37,51b047d3-b370-488c-8315-03306021730d
Emalee St Clair,10/23/1961,363760.79,4,3205520b-9aea-4cee-86b9-5849685bf87a
Ranee Wasiel,05/18/1979,137730.18,44,be2afc4a-4214-49b1-bd42-24383e2529d1
Hildagarde Masseo,07/22/1975,965011.0,32,cae54ac7-0da0-453e-80e2-181bb9bdc521
Charissa Murrigan,08/25/1951,658464.74,11,bbac1116-8d3e-4438-8f18-0512746e0787
Margi Maskill,12/28/1954,124238.62,41,a8a24c30-9347-4e42-8cc0-d42832db8799
Florry Bowness,07/11/1975,924729.67,7,c933a28c-75bd-47b2-a1fa-2021df88c58e
Aurelia Mariaud,12/03/1955,979612.17,6,efcffd1d-b149-4f91-aae2-91f1cc4c90e8
Alberik Lydford,05/21/1992,961959.57,15,3e386b55-2497-44b4-9ac5-63142d31fc67
Truda Vidineev,01/01/1964,486971.17,26,36bda360-38bf-4735-9601-37dcff0e584f
Thibaud Reucastle,10/27/1971,395840.94,27,968ff57a-7990-4b2e-8737-15c3305a45c5
Alfred Belson,01/04/1959,601427.59,2,4b4c7830-2d87-4b14-aee5-ebba387dc55f
Veronika Penna,03/24/1994,707692.78,58,01d4d2f0-5736-4693-8455-b2b1bf42037e
Wally Ferney,02/23/1982,599851.32,32,2c6ebcad-c3d5-489b-b8c6-cbde21b2a7a7
Waylan Gainsboro,03/30/1962,180217.0,31,dc7e84db-14b7-4bb2-af91-20f15c350db2
Terese Rodger,08/26/1965,537043.09,50,e29f8b89-f195-40d9-9c52-76b99d56311e
Saunders Gumery,02/14/1991,785701.0,15,cf7fd95b-e9ae-4ae5-8a2e-3c3a862b199c
Schuyler Ygou,01/12/1980,503458.1,53,4fdb9570-192a-420e-8d4d-280d13fd4bad
Jarrod Cowing,07/19/1975,845652.13,53,752db524-7826-4dab-b7bf-ce9b2ec6d4d3
Linzy Banck,06/18/1985,819892.12,58,4bf62282-63fe-4ca6-ae01-ca9d83715e68
Cody Abramamov,12/19/1975,721908.33,21,bb907c2b-f384-44fc-baab-bbb96a2580da
Vida Pantlin,07/04/1996,748365.97,33,c1292339-883d-4dd0-b652-3c3b87d1d2cb
Lebbie Lipscomb,02/10/1973,287815.83,43,f370ed5e-077b-498c-9005-313032357816
Shani Ransley,02/10/1966,856171.49,41,e25b5798-4b81-4ad4-986b-b2aed6a11e26
Ramsey Fulford,06/20/1994,664265.06,31,62517937-59a8-46d0-8c80-97725fe9b4bb
Melonie Kliesl,10/13/1973,58368.23,22,a78fa86b-1e31-464b-bf7b-55d8320f1464
Lorens Cardis,08/17/1970,284334.68,45,c9099859-b1fd-4da2-95cf-7cafbf8f4e39
Nariko Patifield,01/31/1986,790099.98,44,f1b024bf-9c7b-423a-b606-b6241e61ec0f
Lewes Laughlin,11/06/1974,385994.94,32,bee24c03-f1e9-4b89-9d36-863623f3d34d
Delcine McGillivray,02/10/1981,183698.82,17,53f63e77-c9bc-4560-8fa4-7359106d164b
Emylee Ruddlesden,06/07/1963,257179.45,28,3190d2e6-983b-4c65-a783-22b7d28b2c4b
Candy Wattingham,02/24/1958,247352.81,13,63e602f0-f79f-4834-ba0c-79e26eb3a496
Victoir Marushak,02/10/2001,194088.78,32,27beb3d8-517d-4430-9b27-e842a5628694
Baxy Goudard,05/03/1977,282068.58,41,0cd64999-1d2f-4611-a12a-4c411b6ff1b5
Celinda Sture,11/27/1976,617935.05,58,4df47c6c-820d-49be-8169-f13fbf9dff42
Glad Keems,05/29/1999,994838.6,33,4d30003c-349f-4598-97dd-6042e91c7772
Rubie Britney,02/22/1981,915474.61,42,f636d680-59c4-4bef-969c-92cba5894fd1
Jeanelle Taleworth,03/22/1968,17712.02,49,4676fd99-e11d-42d4-b4fb-a5a6bd0531ab
Ephrem Pridgeon,02/07/1991,77584.61,30,e4ae6ef3-e836-4364-902b-19fb04c220b8
Margo Paler,10/17/1993,775282.83,53,3413f5da-a59f-418d-8b79-170b1039443d
Jarrad Janout,11/09/1998,78082.57,22,cc90f1dd-0c4f-4b1f-8114-f01a65957f7a
Lark Delany,01/03/1988,280150.82,55,08e76855-3534-430c-98ed-a9ccfaa74ee4
Moina Cherm,12/24/1952,136212.84,17,fdf31695-39d5-4f54-9f1d-257d983ca07e
Edgardo Tilliard,02/10/1972,579628.84,7,92a24fe4-c1b6-456c-8e29-a36835db37cd
Stinky Damrel,05/18/1987,591862.11,3,6a349139-1f17-430b-9410-dce96ee07e2f
Virgil Lissaman,08/27/1974,307803.14,32,3a459adb-29bc-4166-8ece-f6d24030657d
Ruthe Crates,09/11/1982,409187.47,14,0d450db5-eef0-4fe5-af7b-69b57e18a175
Sandi Masey,12/22/1954,625288.31,16,4c13402d-5bf3-4569-95ef-96885b25bfa3
Mariette Courtman,05/03/1993,813166.44,17,5e74c5a9-0b5e-4e6c-8809-eac38e4a372d
Henka Totterdill,02/25/1993,683325.19,58,4ba5f5eb-6249-40ed-9d68-9a413d5cb198
Juana Tribbeck,08/04/1965,850858.66,1,4b4ea985-2978-41be-a25d-1230c01ea1b0
Kippie Sabathier,08/19/1960,328400.54,28,16d7f217-f863-4df3-9264-044cab39dedb
Juditha Dredge,04/11/1951,232969.81,31,f3b34907-dad0-4445-9ac9-fa595cca4ffb
Lem Ronan,01/21/1995,113724.74,24,dbe696a5-cc2d-4a2d-a4f8-3e4d4ff877f9
Bat Lafont,10/29/1969,422970.33,38,46af5afc-2621-4190-aa97-253348791780
Norene Clarage,05/13/2000,280661.34,38,c619500f-e907-4374-bd8a-29a5554ed60a
Gusty Glanville,07/30/1968,876574.01,9,2fbaef9b-dfc1-4dd4-b646-d32db2fb6156
Esma Rickerby,04/15/1978,465489.9,12,ca499211-3fc7-459b-a285-627e2a5873bd
Berry Aleksandrov,05/30/1987,663529.01,19,821ea678-f8ee-4056-a88f-8522f026e95e
Bernhard Davio,05/25/1961,782139.91,22,111ea996-44bf-4e7f-b3ac-5a95b54dbd72
Philippe Huxstep,06/14/1970,427225.21,23,7440bb25-f24c-4913-b4af-f84975333d1e
Lane Pourvoieur,07/04/1983,553222.08,51,6d57563c-fb41-4075-b807-da2aa84a8682
Cally Turmel,01/31/1976,458471.88,6,038bf08c-d079-488b-aacc-0fe5e3c05de2
Tamqrah Abreheart,05/24/1957,292469.0,21,15a8b431-c60a-48c7-85cf-2bf5cd168c7a
Michaeline Jolliman,01/03/1960,943801.01,9,cf69c287-346e-4cce-b4f5-031650171602
Elfreda Sutheran,05/13/1973,107470.13,26,09512a2f-22b9-43c4-8821-ff141e05ba1d
Ferdinand Mintrim,08/20/1981,489251.0,51,bb107f43-4c1c-4a43-80d5-c606d024c474
Sondra Haynesford,11/15/1956,592409.48,22,877f21df-45ff-42f3-af63-ffb0b062879b
Misha Ellery,04/05/1957,780898.55,27,d38560bc-4952-4a4d-b80b-4d8cea33d5d3
Rosco Patershall,06/26/1977,811983.49,16,14d3a1ed-e819-4822-8ca6-4d1eba2439db
Baird Goddert.sf,11/09/1961,683469.7,51,af2a9998-02cc-4814-83e1-d813ba3455be
Oralia Manna,01/05/1986,715684.85,16,26235db6-8e42-47cd-a24d-1badfaa37daf
Karoly Pheasey,08/15/1973,252058.86,6,896ffb8c-9709-4d84-a26d-1161e5287a94
Aguste Mingo,06/24/1959,10421.16,46,862331e3-bc79-43a2-b2dc-b09b803e275d
Jennie Juarez,08/06/1989,959773.79,36,76362878-6792-4ac1-b12d-d4614c1a00b3
Joyce Ruppertz,04/16/1967,770714.49,51,36eef9e4-4572-4826-abee-5386c9227bdc
Nelle Van Bruggen,08/11/1978,36243.64,45,b91f9de8-71d2-4422-826d-e65dd89491a9
Putnem Spurett,08/12/1981,258221.9,30,483c0542-840c-4ebe-a77f-0d18f5f33e3c
Darice Yesinov,05/23/1955,536056.22,13,3809d156-5bdb-411f-8d83-740ba23e2a51
Krishnah Bernaldez,03/25/1987,914751.74,38,2ed250a7-dd28-4aa8-a382-165c985f2319
Gladys Philler,02/09/1977,255074.37,30,e461d4de-513d-46d9-9716-4c2c80779135
Fanchette Hasser,08/21/1973,797975.58,58,82d6d1f8-7448-475c-889c-5c7bc6af758e
Saraann Monkeman,08/11/1958,749749.61,42,40574229-90c5-4661-b260-b4ea31ba8195
Chrissy Andrzejak,09/02/1978,442350.42,17,ffccd7f1-2c2b-4d66-abe2-a11791c680f3
Pearline Greguoli,12/06/1968,607745.01,56,44051ed9-4e6a-48a3-aae6-c4a3c88718e4
Wendy Melesk,01/07/1981,103848.59,40,61c23fbb-b410-4245-a211-5a6db5c3331b
Gretchen Bradshaw,02/09/1968,867645.68,38,a0478fc9-b97a-4bc7-9a16-2c893eb6560b
Paton Sein,11/12/1954,370574.88,17,cb3e370c-6fed-4f53-8c08-51c89dfa47f4
Tanney O'Devey,11/13/1985,473803.61,41,6d4a8d8b-dcac-4b8a-bd39-2c4c56010bd2
Grazia Wilcocke,12/11/1988,262289.39,35,100b2109-4af1-4de3-8571-57bec1d15008
Umberto Casetta,04/17/1978,923161.26,30,3f00128d-5892-4b7b-8856-fdf719cc56b6
Conn Brinsden,07/08/1952,500912.48,14,6fa55b94-05c8-4779-bcc4-1feeacdb1a2b
Wildon Secretan,05/27/1998,474751.5,16,d20e5750-6c77-4933-a0fd-52293e7125ff
Erhart Sterrick,07/24/1970,542413.66,27,73689db2-0113-4672-885c-f45d3add86d5
Cordi Feasby,05/19/1987,997820.14,5,68c4537e-89c9-4ae8-a180-01cf7c49831c
Chrissie Pepi,07/28/1954,457411.91,18,b3ac4c97-e25d-4e76-8428-7f4617f35867
Barret Brewett,08/30/1986,181913.49,42,9a8b8779-a7ed-4034-9a45-adbd6735cc6b
Janis Wrought,08/29/1981,416800.64,37,a009a29f-ee2f-4f50-a6d8-f97c826c7eec
Rene Muffitt,08/24/1988,826380.56,32,339b3349-e9f1-4532-aa33-c6db1f89181c
Abelard Caw,02/23/1991,755369.98,45,b81ccc31-e9fb-4ec9-b853-570a1822b259
Michele Popley,09/08/1979,124972.46,40,9f3b5294-8b20-4143-a14f-85a7afea2e5c
Ketti Tuffrey,12/19/1985,657714.46,38,855a1dd5-9672-4c4e-adf0-6eb2a87ad2b8
Paulie Zanardii,06/07/1966,396422.79,18,40304d7a-113a-4b4a-8ce1-cce2c45accb6
Jud Devany,07/24/1957,894189.72,45,73c6aee4-f00e-4f48-8234-ba52a7df74e3
Marietta Bushel,11/11/1975,861717.01,22,d7fedc8c-eb53-4f46-8c11-2eb082e52b4f
Jarrod Burnapp,07/03/1995,962325.74,55,475836ed-5e25-488b-8a43-73c21b0f6fe9
Lyndsie Valentinuzzi,07/20/1971,266525.88,33,3f69d6b2-6512-4fa6-99d2-f3721fa39ef3
Shay Woodfield,01/07/1965,614689.44,40,07fd34c1-4940-4215-b854-427618f9c043
Brande O'Dee,07/30/1976,292840.12,18,79b739ae-8274-4288-b5de-1efc6029a6a8
Sasha Leinster,10/01/1977,176907.52,35,7864c411-9727-4aaf-88ac-1e07821b6a15
Kathryn Norrie,05/23/1981,865086.59,32,fe344f38-661b-4343-92d4-335fa5b935a5
Sarah Orsay,11/18/1999,231519.21,44,cac3a7ed-60c3-482c-90ca-cf3c75b26014
Filip Garron,02/20/2000,169306.43,57,7c32e63d-6dc4-43a0-8e61-4143debbea56
Marlon Liell,08/20/1960,147829.37,52,139f4421-1f0b-4b0f-bca1-1f47d97f8833
Den Shimuk,05/31/1978,694506.59,37,8d184b2e-0abf-4e82-b2e1-2fbffa1f048c
Viviene Prigg,11/10/1994,477637.95,16,ed130ae4-b2ef-4e16-8982-77bb001d4b8a
Lorette Lefeaver,02/14/1983,264729.61,13,6580c798-8db5-4a9a-9d13-cdaf9c19be73
Sadye Hoopper,09/06/1987,218127.37,21,9462d6f0-05aa-4b3f-8171-904ad1a78374
Bealle Volante,12/25/1966,847618.74,34,df7949fc-671b-4aeb-aae0-46360cb7dd01
Bonny McGunley,01/19/1999,790181.05,9,af9439be-8846-4308-a8e4-1b48060f3311
Bell Hutchence,09/18/1969,195436.95,41,6769f78c-8c21-460e-9120-f61dacbc05c9
Kin MacRinn,01/13/1982,277637.51,39,5ad8055a-40e8-4254-bc54-f7b209f5c232
Gregory Ivancevic,11/17/1955,495359.15,53,34150026-c7b6-4651-9fc0-9480fc5e183d
Bobbe Gloy,02/29/2000,482793.91,59,9c3efbdc-b3cc-4f71-97b0-db10b57202bb
Lydia Eggleson,09/30/1988,398723.55,22,425e8895-d0a1-4d33-9e5d-2f305007c79e
Parry Boulder,03/11/1973,758063.25,30,39d24818-dc9a-4447-ae27-a2bea56961ad
Nicholle Rockhill,01/31/1956,296002.37,5,73f52e10-d32c-450e-853f-af90e9e59cbd
Niki Gebhardt,11/04/1965,456734.37,45,b49a8768-bec8-4d43-b83e-765497a1b2b5
Tabby Merwede,05/05/1986,474696.62,57,c01aefec-59e0-4bb0-9879-730ff3787da7
Dorotea Allibone,10/07/1968,803592.99,35,82dc8a16-fd7a-4682-bb1f-58352881782e
Frasquito Hatchman,08/24/1973,503764.15,32,82388250-ca0c-4f56-922c-e43924351018
Auberon Checo,12/11/1962,112556.7,9,07dd9625-f4a6-4a86-92f3-fff4ed4ed950
Rollie Vanes,11/01/1993,766741.19,4,cdfdfd05-63e9-4697-89a6-196371a09585
Christian Stellino,01/26/1954,427120.82,11,f719880c-7663-462f-8d15-77e68c92c8e3
Madge Bodham,04/18/1978,548784.0,9,a19abd3d-dcfd-4ef3-826a-da753a4d45c4
Duke Brighouse,01/30/1966,801230.06,7,510636d8-553b-4aaf-b657-ca8a46c6a62a
Aldo Sudell,10/05/1978,377790.92,2,7bd87367-17f1-467b-90ac-008f9863ef39
Bevin Haskew,07/12/1953,688798.38,23,725ee47b-e02c-4233-9d17-d643b4231cda
Eldredge Gailor,03/17/1964,210091.07,5,f8eacc11-1ec2-4b04-b1e4-4208c2c46ac9
Tabby Filler,11/27/1969,503228.98,56,3e5186ec-cfc9-4a90-8571-2f72467d4a9d
Steffen Celler,11/09/1951,238347.42,24,8ab75459-08bb-4964-a57b-3ad25bad2b31
Jewel Pude,04/14/1979,544709.06,5,74ef85d8-d51f-44b4-840b-25d82f0e9670
Aubrey Batchelder,10/26/1974,914892.7,35,59d6f721-fd81-4b2f-8703-daf5229e5700
Sutherland Woltman,06/03/1995,880983.96,33,e53fa2b7-3557-4cf3-9868-df9b37857036
Sebastien Bariball,12/23/1958,585929.15,31,775266c2-f23e-4cc9-9354-b7b0a7e47756
Berti Wiffill,06/12/1955,365033.34,13,33ab4f00-8578-4a63-be57-06818c7f13d7
Devora Biggen,05/12/1979,295930.38,59,8d4a53b6-28ec-4ba1-b4af-83a23b2a6713
Boniface Cooley,12/30/1958,62897.52,15,082c4504-d3d9-48de-a99f-f4f8d4586c0e
Modesty Tuminelli,05/15/1973,490603.59,40,26db91a0-f89f-4930-9c47-229169ff75f1
Dolf Bond,03/15/1968,350935.0,21,b4431648-afe8-45e3-b6c1-a56b9cd24be3
Hilarius Porson,06/18/1961,901407.38,29,e95d31ed-a57a-4622-ac72-45661a145533
Ruttger Bunford,10/17/1950,304413.69,13,e8c7d8d1-94b4-4bf3-b6e3-58a7d7ba5e72
Maryjane Basili,03/06/1964,266102.0,24,5ce11f59-8275-47e5-87bc-c56d79dcf703
Hattie Marquis,11/26/1955,656984.46,20,d0c050df-1da7-4e4a-85ee-634766560c73
Nathanial Pactat,05/04/1992,671793.67,3,ef03c7f1-47c7-485d-8bd5-826ecae7c89e
Hilly O'Lynn,01/27/1951,421827.01,16,0971c1ba-00fd-4200-8d4c-941bd7b8ca7e
Hilario Meharg,02/11/1959,74037.5,1,e1764590-f144-476d-a62b-86a539405cc8
Brynna Bradder,02/13/1952,112218.02,43,fd9026b8-8ec6-4b9a-850f-de4165b51fce
Teresita Moorman,03/29/1955,441663.29,33,1ada2abc-672b-49cf-90d9-98f538dfa1f6
Woodie Whieldon,09/16/1959,883477.8,46,bf058e0f-4e38-47ee-b388-9fe5002446b2
Gilberto Greensted,05/10/1973,640229.87,58,0ad8d9f8-8f75-485f-b61c-4a1064b0721e
Sal Wernham,02/26/1992,519628.45,29,d38809c3-acea-4908-b7c7-609640910096
Armin Seymer,03/30/1975,487992.95,33,d9cc12ba-7575-48ec-82ba-6f13760698dc
Joyan Paton,10/25/1977,687323.0,22,2ce03175-4a77-4e1d-84f3-3b1ca2084d61
Pascal Fern,01/10/1972,658131.73,43,b4c7416d-be39-450c-81f7-4882cfefd5f5
Sherie Hutchison,09/26/1998,996319.76,19,e8c795f3-d883-4540-b1ba-0be824ab5ff3
Thain Abdey,09/04/1988,697944.55,30,2ff917c7-3882-4e97-bbe4-fbd7482def1e
Ronalda Lyvon,09/16/1991,952506.0,51,8a2a3dfc-4cb3-4e3f-987a-d831addf2ac3
Lori Scampion,06/23/1972,626396.44,12,6d5a11e3-2133-4638-8331-3ac9bee4c705
Culley Rapinett,05/25/1992,242594.12,19,4e4e17ec-72d5-44a9-a912-1d49541eaa98
Roosevelt Guerro,05/28/1963,826134.77,14,56c07f84-668f-4da4-9cfa-5e82e9a0dc45
Kristoffer Regglar,07/28/1953,825484.52,10,53495abc-7d27-41c9-8864-d975f9aaf0a4
Augustine Ewing,11/14/1993,961665.09,26,568dfb0c-3beb-46a8-af71-429237a00185
Ibbie Brittian,12/04/1950,352053.97,38,d4572a18-0c6e-476b-96f6-610bd483c84a
Tanny Stenyng,10/07/1968,304283.64,55,78a85dbe-ce78-4984-9ce5-62d6b695fa40
Noni Basnall,09/02/1995,312956.45,40,96ba84a6-31e0-4c9e-afdd-34aa5808e4df
Christean Revening,01/11/1973,143640.91,51,f9ac0a06-a21a-47f6-8757-dcc2ddadc7ca
Dalenna Steely,09/25/1996,803022.69,54,3ac7830c-a26e-42ea-8db3-ae9d1b2baab0
Kendrick Medmore,11/05/1970,857791.7,37,deefbf0f-63b0-408c-b0e6-e53eea70ecca
Lilly Tincombe,01/18/1974,598577.33,40,4ecd1572-8c90-4912-bc6d-24f0c6de701e
Kim Beamiss,05/12/1955,496773.16,43,a0427332-3bb1-4fe2-97b5-178db113a9d1
Aldin Worssam,03/07/1996,684118.13,44,133cbf15-3163-4761-8fb7-d16464d8e310
Claudelle Hucker,02/06/1954,270406.42,44,45f41eac-749b-432e-b9b4-090a576ae72e
Calypso McPake,02/27/1985,594528.16,10,4c5fa3db-4356-431f-af57-f0ecc3112614
Carter Corley,11/20/1950,636370.55,28,3eae9c32-ce67-4802-bc2b-30a0315579b0
Eulalie Hadden,10/16/1958,982308.09,55,b7081c22-ee63-4b86-a4ac-02b857ceffd3
Aron Butterly,01/14/1953,656809.55,27,675aed0f-02fd-407a-9124-3511f6aa0649
Godfree Pendock,08/02/1964,309391.18,31,c8d107fd-9354-4e35-8338-c68f78baaab6
Nicki McKerley,07/04/1952,339.72,25,aaa27d46-7a54-4c03-8934-d6396757161d
Bunny Faichnie,12/31/1953,602838.24,23,3687de9d-5aaf-4ede-a570-0afaecea4c48
Auria Norker,03/07/1967,920937.4,51,abb5c734-b161-4d47-9312-de42c0b9bf70
Christiano Twidle,08/13/1979,57215.77,2,2c3a3c4d-4c5f-47b8-91ff-d9e4511ad19c
Aurlie Itter,07/28/1987,948541.99,50,c4b40ee9-6692-47db-b484-88df609b52a6
Lars Inglish,07/04/1984,146118.95,54,39e0d1b3-74d5-4514-8de1-7261ccb89b0e
Ev Martelet,03/08/1993,816225.37,21,78ff890f-e151-4692-80a4-e4012122a84d
Bambi Adamthwaite,05/08/1975,202672.44,60,ff98a4c8-a575-4389-bcf5-567a643b49f9
Jourdain Kensall,06/30/1980,578079.72,6,c7d86cdd-8850-41fe-b268-67ff4da858f9
Mandy Bloodworth,09/03/1954,861636.37,24,4befc6c5-7a60-4e39-a796-5cb16ab3e3cd
Rock Spicer,06/28/1975,372336.93,6,15972c51-acab-4ed1-90c1-baddc4277073
Gardie Pitford,01/31/1972,211922.36,20,11a4a97f-71d1-47e0-a531-45d01b524f59
Barbabra Snalom,04/11/1998,990116.51,39,d0cb80d8-c1e0-48f5-bc2a-cc1ea63ea012
Renault Domenge,09/21/1951,435600.61,1,5a06d4cf-b8f1-4762-8eaf-811ec17c92a9
Reinhard Dripps,08/15/1968,157821.49,54,d5f6c280-c2a4-49ec-b955-82883261d59e
Kikelia Sleigh,06/16/1981,533957.96,13,bfedf9c9-5d1d-4760-bcfc-b8a2a5aef0cc
Rozanna Benam,04/19/2001,617887.14,43,a5d7ebbe-0b46-42db-b354-a50f97772abb
Richardo Bernardoux,02/12/1971,146318.14,44,fa325fc3-8921-4a5e-b8ba-5111f18b5626
Travers Chadburn,06/23/1986,46849.1,51,ef9a0acf-98e8-4631-a505-9f6028badfa6
Dar Wildman,07/03/1951,350820.86,47,f84ddca8-fde0-4a82-b1cb-820475eadd99
Carlotta Wayvill,10/30/1981,914885.7,59,f93001be-4772-4756-b2b3-c3e0ce780314
Briggs Evenden,06/05/1964,787002.02,11,0d9512d7-3f46-4286-93bb-943320694b97
Lamont Moore,03/07/1994,558090.82,21,0a1a65ef-a65b-40dc-8517-27548b4337c6
Christabella Paybody,07/20/2001,45396.93,44,72329f45-98d5-4f2c-9adb-b6195e2cad69
Linnea Acutt,01/03/1976,479288.1,14,a437c713-7480-406a-9d01-fc48f28ef8e3
Moritz Boutcher,07/29/1993,68742.59,21,ed874a81-b4ce-4320-ae6b-1ba93ccb9fb6
Samuel Domenichini,05/07/1972,304892.85,26,b30608ba-d44e-4d43-ab1c-05fa6645392d
Nerta Dishman,01/07/1967,110998.94,44,e9cdd9f0-c6a2-4c92-bf3d-d81329452824
Van Pregal,08/04/1973,883529.67,1,ed04f4a8-3251-41cd-9b2c-2375d62a8097
Paige Paulmann,08/13/1983,118244.37,39,a2d3ef96-3eda-463c-86f9-214729ac8daf
Griffith Murdy,12/29/1965,412360.58,40,21e2bc45-f708-424a-9d21-fff67b0d3208
Kandy Jeanneau,09/03/1994,399384.8,32,2ca40ebc-b0d5-4269-8e3b-c4d520ac1605
Pierrette Eddolls,08/08/1968,650322.22,19,038ceca9-bc3e-41eb-9c36-bbca32d58ec9
Sallyann Cherryman,09/17/1951,892583.19,26,e8a8c355-7699-47e1-9f95-c440b2e3d0cc
Kort Pawfoot,04/15/1990,307590.58,7,d36effab-c909-451c-9a48-cee0b324725c
Barbe Kelledy,06/21/1955,94579.76,30,415e99b0-53a6-44d5-b249-48ab2384eb01
Pattie Merigon,12/13/1997,246125.45,8,6c1605cb-d976-49bd-abbc-75bf33673249
Shani Chaplain,05/12/1995,696654.07,7,8063d4dc-1bac-4044-94f0-aea3561b61a2
Veronica Larne,12/12/1981,946202.55,50,1a7be392-849b-47df-bdd8-8b4fb1c673d7
Kasper Halliberton,12/01/1974,968635.26,60,edd36ed3-d342-454d-b51e-4ba94300de32
Doralynne Cockings,02/09/1959,955662.24,40,2ba1f102-fd6d-4125-9744-de8c92138d8b
Perren Griffithe,10/17/1964,183670.79,44,817e911f-9ba1-49cf-96c1-dc0fb38e7825
Ibrahim Gilleson,10/24/1999,830112.11,20,743b4eff-8b70-4e9f-8467-50807d9e95f3
Fenelia Audsley,01/20/1994,688440.11,8,90d67fc4-e5e7-4087-9fcf-216a9ea1584f
Malinde MacGowing,03/06/1955,298964.11,39,a4012ac5-226e-4263-b5f2-868875137285
Carter Biaggioli,05/20/1995,235697.97,12,a907a2d7-f0d6-4b27-9ecb-f5616f040cf5
Fleming Borthram,06/05/1966,832577.38,48,e24602e1-a931-4e01-beda-0a97ec2d8c83
Bradan Adey,02/15/1998,761873.87,6,2ad28cab-5245-4557-b955-f468d46d30b2
Ermentrude Wisam,03/11/1951,836827.87,11,bc4d3fd5-07eb-47cf-86ce-473e60016c67
Rivy Ducaen,09/27/1964,15878.9,4,148779e3-af21-46c8-b89a-d9b4ef328d2c
Constantina Albers,08/29/1959,338773.51,39,99917ffa-51bb-45f7-908a-ad48a0306967
Berny Tweddle,11/02/1963,684628.63,38,b586c79c-83a8-43ef-a2d1-c2e686fd9ec4
Tucky Tooby,05/15/1964,942051.93,54,8ddfe4e9-e1e5-4f37-9bf1-2b7ae3c1ef33
Ellerey Kinnach,12/20/1958,609844.38,20,a28cc84a-5d17-4da5-95ec-5ae7681b69f1
Glynda Zannutti,09/03/1996,203126.0,42,f3077254-8081-4046-8bc7-146ca10ceba7
Eustace Quilty,04/12/1989,310153.43,12,22db8b13-9247-403a-91d0-26270227dfcf
Ardyth Barthrop,07/12/1974,588566.0,53,c87a47c8-7d45-4cb8-ba35-e6bbb2367c05
Lynne Iannello,06/24/1974,527759.58,13,6e69e3bc-2483-4008-b923-ebc9271c334f
Afton Rosengarten,10/04/1960,983957.26,28,584d1709-0ccf-47a2-ad02-50ce9267ba5f
Gannie Snodin,06/18/1981,859758.4,36,de2e331e-0395-494e-9608-a63333b8dd8e
Sayre Van Halen,08/16/1999,677510.67,43,d453dcd3-24bc-4239-91fe-17404e422de3
Filberte Guare,08/16/1974,872394.6,35,ef10acf5-066d-492a-89e9-40410ea4ca38
Kaylyn Burth,09/21/1968,900049.31,23,45d0f7e3-9dfd-4537-bfe0-6a5440c1111f
Cheryl Dessent,12/19/1988,348218.02,44,a77ddf6e-afa6-4557-8f92-39ad9dd5a7cc
Marina Dmych,10/23/1951,297606.08,9,3e06583e-b237-49d0-a7bb-40766e568aee
Meara Gerant,09/14/1963,884765.0,24,46efaea0-9602-4259-9d11-478214c5f025
Stoddard Stuehmeier,05/14/1981,310437.45,15,7650e72e-490c-4ee1-93ba-59d31cb66d71
Rutledge De Giorgi,05/18/1967,621023.16,35,420016eb-4bf5-4bfd-a464-2382bba088c5
Baxy Muzzall,12/11/1962,945667.73,45,18a6df28-0d6c-4849-ae81-d371c495f7d5
Emmi McKall,01/21/1952,154392.98,50,6c8ef127-e680-40eb-9a7c-e6b3f635b27f
Dennie Scading,02/26/1978,945008.8,16,a06d868d-6d96-4898-9b1c-766ba8c0ddb6
Merrel Bygate,04/12/2000,487341.13,7,8263c939-9bd3-4666-9e65-519409f9a099
Alma Colman,09/05/1977,757209.54,44,e420535c-ef3a-4c91-a9a5-29a3594e2851
Faye Rieger,04/26/1978,340635.57,3,c2819547-d675-4e83-bf8e-5aaed34afda3
Gunther Dyerson,10/11/1986,766173.72,28,eaeb1914-f86f-4778-b44e-4f928757966f
Jerri Domanek,05/14/1999,731156.39,22,48bb7e3e-f83a-46b7-ba66-31fc821429b9
Emlyn Readmire,09/24/1977,225568.36,13,a100cac0-cfea-427c-9317-21aec6fb2af2
Norman Burges,07/22/1957,479920.26,26,ef04c214-5d05-4a09-be6e-8f1231d43877
Morgun Stranio,11/01/1965,944936.33,15,205327eb-189c-4312-b70d-bb72479e8028
Olimpia Reader,05/02/1998,640966.56,26,95de959e-62f1-4664-a8b1-311166f59ed2
Rosette Blanchflower,08/30/1975,868974.47,24,aa275059-6a3b-410e-bc15-be5ca9ed14e0
Rozalin Winny,06/22/1980,673387.6,11,b15ebcf6-22ac-4279-83b0-76230c09e6c8
Giovanna Troyes,01/20/1963,870915.96,9,d44708af-a707-4744-9e8e-651ce6a64a11
Mack Wall,11/18/1969,389077.72,11,7d566280-d4c3-45e9-a331-b339c007d2eb
Marley Redmond,06/24/1963,818903.15,3,6e06c663-36bb-444d-afa5-f5f3b6741adc
Michelle Eidler,12/25/1960,282534.61,5,cc1a1c14-95be-4c32-8bd3-15188ab7fc3f
Roselle Elesander,05/21/1995,280114.72,53,8b275c54-4d14-4f7c-a493-ddbc28ca5ec4
Gayla Dobrovolny,04/26/1992,688234.85,27,539b9f41-9690-49e8-809b-a8169efff379
Farica Seamen,04/19/1960,285250.89,13,6fccab14-5c3d-4355-b054-09306e4f8771
Kipp Hatliff,09/14/1964,25327.25,27,192cc519-a330-412a-baac-e97eeebdb0f8
Eadie Yurov,03/15/1965,306976.25,57,eed55fd9-8c4a-439f-9282-a43dab9974a7
Monica Gemmell,08/09/1955,539654.07,13,3ed44508-8053-45bf-a296-f73e6f43ca4b
Nikoletta Reiner,08/07/1990,672639.86,47,649f2b96-304b-4adc-9406-54c35652db5f
Henryetta Farris,03/12/1980,415359.64,43,512ef263-670b-4ba3-8cd3-956b1b1da41f
Pris Jollye,10/13/1996,138665.27,58,071acc72-1db3-470a-879c-9483510405f6
Ruben Carrodus,08/01/1989,613067.08,8,f014270c-aa1f-44a4-8efb-553002672067
Mikkel Keinrat,01/12/1998,661822.67,55,5b8c91fe-23ef-4fcf-b27c-93781e55c278
Ruperta Jory,08/19/1962,122654.6,54,f0cd22d3-b8f3-4cde-bb96-588f64ab2b2f
Bryanty Dunderdale,09/27/1967,301084.67,60,0ae6a3bd-beb8-4875-87b8-1c8e0e491c77
Cart Lobley,12/20/1963,436777.1,8,0e424e0a-f261-494d-9ca9-db0f44ce044c
Keary Mcwhinnie,12/11/1970,672031.29,31,c449d29c-8b9f-4728-8dca-3f26494554f7
Angelo Yegorov,12/27/1965,62464.07,29,a9fe0949-05a6-4f0a-b158-70e9cc54eb46
Hildagarde Infantino,02/19/2001,301603.18,42,7c0b9b93-0a7c-4db0-b8e6-81b4b1d859cf
Holly-anne MacGorman,11/16/1994,239126.59,7,7659e712-c9e4-4d73-bbaa-a681121ed76f
Kahaleel Reiglar,09/10/1978,625949.34,11,f4d330d9-5ba6-4f62-9f4f-1d288eb72abb
Keeley Cowpe,12/10/1999,376366.7,34,a34e9513-4485-47a1-87ed-32f97b9675b0
Adriaens MacNaughton,11/25/1964,30910.57,59,1c445f6e-ab12-4f9c-a54b-991b2024d0fe
Lezlie Lillistone,11/10/1955,101675.27,46,8036ebf9-fac9-4f61-af08-839d9582c1c0
Maddie Moodie,09/05/1963,740010.1,41,ceb3003f-8a57-4903-b5b8-11136b0dcf04
Keven Ochterlony,10/08/1962,51640.52,32,a8fa5013-9080-4dd2-a3d7-a4b447290837
Raymund Tallon,02/10/1972,360467.35,9,253d5cf5-3599-4509-8e1e-9203411eaa9e
Erda Pymm,03/11/1989,441958.86,22,13daedc9-69db-4fa3-b268-c2d1f8e381c5
Rivy Feronet,07/29/2001,270963.96,25,42457cf4-d51e-4b1e-a716-ae61cac1ab5b
Darya McCullum,09/24/1984,217230.79,30,fb34a13e-ee2a-4ba3-ac59-cd8fe8885803
Ernestus Goodbarne,01/19/1965,400306.79,56,69d02b89-ee4f-45f0-a6c8-0d7017c20d8b
Marcela Cuer,06/28/1971,963352.22,21,cb7f4948-837d-488c-8777-3507bf309d13
Davine McGucken,09/18/1959,190186.16,7,49e86c17-9dbf-4d64-ba38-b75f02a09d70
Dodie Mizen,01/13/1965,992063.21,42,0488e8c6-c440-4935-8bc5-54d09994fb37
Aigneis Canas,08/22/1959,738882.46,14,852aef06-bc28-4364-85b6-af627466476e
Ranee Shallcroff,08/05/1981,268958.2,4,6b1e1633-714f-4114-a20e-5bca93c13bad
Neddie Capoun,05/15/1985,192912.54,56,6e8909d3-795b-4b12-99e9-62f8eeea52c2
Donall Cunniam,08/22/1996,544984.91,8,9e0546b6-253d-4e99-b9c8-a5a5242e5002
Dulcie Cronchey,08/09/1975,559984.88,8,cf15a904-3c71-4008-9e3b-e027b56f994e
Maryann Headan,07/30/1968,139664.28,44,6a116862-827f-40de-9a6d-b8e1b29e78fd
Pierre Puxley,11/10/1994,168503.26,17,26ee4d26-99e0-46dd-9578-cdd709c51623
Alec Yitzhakof,12/13/1966,953875.32,53,3b5f0ab6-9db3-49fb-8a63-ade90dfe4cb0
Guy Batson,09/15/1974,997617.29,42,3eedd89e-412b-4ed9-82c7-da58674d0100
Archibold Southcomb,09/09/1992,913279.74,25,52560713-e768-494e-8645-c9c067af0efa
Kat Tanser,03/31/1979,325878.34,22,5b69c01f-99c4-4cd7-ac55-d227b39e152f
Elisa Saladine,03/29/1982,693887.58,44,e3cf7220-b154-4c83-81c5-8898a221a2f6
Faith Dickinson,04/29/1977,129123.47,7,08c1252e-66cb-494e-96f2-205d193beb66
Shelia Scrowston,01/09/1955,168503.51,47,60995392-0157-47e0-97b5-577e9241f1b9
Jacinta Tambling,02/23/1954,854680.42,33,74cefadc-d7f0-4a7c-b7d9-d31ab9891dc8
Katherina Duggon,09/18/1978,726482.95,28,ba635803-07b7-4650-9eba-6de3a8548658
Vasily Tootin,06/21/1954,597412.38,3,8046265a-3d93-4aa7-bd5a-54b8a62cf32f
Tadeas Dagworthy,11/23/1960,275923.31,56,4bf74130-c531-4836-89a1-4c973e661094
Aguie Brandacci,10/06/1952,239711.53,53,1aa06ab8-1364-4013-bce2-f7de72c6c0de
Krispin Awcoate,07/30/1992,489099.23,55,54f80503-87bd-4b35-965e-cb966b58e2a9
Kain Scorer,05/15/1956,344727.27,40,d3adddfb-49f2-482c-9b6a-8edfb5fcfee6
Franchot Huson,02/19/1987,232623.64,31,13eb4c09-863e-4063-83fe-7134c1390fe7
Paddie Prior,06/17/1980,134000.22,35,59d5abc6-1fad-4378-b44f-48688c78fef6
Dodi Meth,07/12/1981,854755.9,27,46b58a4f-1737-45d9-8583-7a5da2a9717b
Octavia Aizkovitch,06/22/1990,181520.23,17,b2a803e8-3f33-4068-bb10-0caf8557357f
Robinet Annandale,07/20/1981,41782.81,15,f0bd9318-790d-4017-a45b-3c20af07d424
Meris Yuryshev,09/24/1988,240205.4,3,07809286-d9d4-4776-8433-f7be1db66040
Ash Bloxam,05/11/1973,573100.35,55,3b57ccd9-7b2a-4ff8-ba6b-9bcd06a18147
Emmalee Eddington,09/25/1986,184872.45,54,25e1599f-8963-4c99-8f39-dd3424d302b3
Giffard Pritchitt,11/02/1961,120078.53,21,c1e681f4-f1fb-4483-b4fc-395f2add9a27
Mallory Pfeffer,10/28/1967,619750.46,58,fb64fe31-55fc-4fe8-8da2-1e6ad328b87d
Alli Yakubov,02/09/1953,750549.0,57,ad0b97e2-6fe0-46be-9ab4-b5f3e5b3f002
Chris Raft,05/31/1982,69654.98,25,29164526-429f-467e-ba00-2c704db91a7e
Gil Teresse,01/10/1990,492638.64,52,b760415c-f51b-43a5-8845-51d17deae685
Wally Suddards,12/07/1990,823875.61,55,a8bfbd74-2543-42d5-b9ce-6f9d12c55f16
Cortney Litton,07/30/1954,239072.0,40,77413c7f-6e3b-4bdd-8163-b17da1eb38ad
Morganne Henlon,02/01/1999,912385.25,34,678f33df-83f7-482b-aa06-1c2346753f22
Janel Eadmeades,05/02/1971,961885.84,7,869effce-d925-4946-9486-8f2f527848b1
Benedick Harmston,04/30/1954,945161.86,46,196ff2fe-99f5-497a-9ae9-b10ccfffa276
Lucky Magor,01/28/1985,137696.16,4,ec8dbfac-e97d-4c0b-98b1-b5828824e305
Roselin De Roberto,03/03/1951,859893.42,7,5518e1c6-e9c9-44ee-a31d-3ed4140d57da
Ellissa Voysey,10/04/1978,95185.24,52,4978eee4-b7f0-440a-b1f0-1f94aad1e710
Angil Peirpoint,06/19/1985,314935.87,15,9b4a928d-21e5-4dad-a4fd-bb1885927c97
Harrietta Thresher,09/22/1969,524513.55,46,ae335542-10d9-4e73-9c85-2210c2a88f56
Arlena Brightman,08/23/1991,552087.38,29,378196e7-6134-4deb-bce1-f845edd6a34b
Stuart Cheston,11/14/1966,471709.36,49,95e79530-f9a2-4c4e-8c71-72aa4dee0bbb
Gradeigh Augie,12/24/1974,123363.2,48,f84aab3f-186a-4161-8d17-2665d8662412
Siana Kraft,02/25/1992,691529.02,20,29fc159d-7f77-4f86-8ee6-2cb13127c4ea
Mair Munro,02/19/1996,779742.35,23,0b3f3378-2594-45a6-a69b-dce887692d87
Emmalynn Storer,07/15/1975,855130.79,51,e0ac0e57-2510-4826-9507-f20316d96315
Brigit Boik,08/24/1985,35885.92,32,9eaba699-0146-435b-bea2-4cc588408c0e
Cherry Whorf,04/12/1992,210113.77,41,31232c1b-991a-4e49-8bf2-ef25fb44df23
Duffy Brosetti,11/29/1993,335123.03,28,497de99b-9a66-4f10-9b12-d261b50433f6
Rasia Henstridge,10/15/1989,568416.87,31,42a2fce0-dcf9-44b8-8c64-988fc35455f7
Davide Gurry,06/13/1979,592786.06,48,c101e221-8d52-4b19-a222-eb1d22e3624d
Gustavo Beverley,03/26/1951,210790.8,58,cd3011b7-843a-4212-9b21-cca94063d597
Trevor Cadell,09/10/1973,390641.66,9,c6554356-6344-4b9b-8de7-95fd01950033
Orsola Bowmen,09/22/1988,747667.18,41,ac877c4d-fe79-4740-9b4a-836210e24821
Kevina Drummer,05/26/1999,845778.92,44,89c6841e-5d86-439e-85d7-8ffb7c361fd0
Hayes Leroy,08/14/1990,5849.86,13,b927c156-674f-4e96-97f0-463b830588b0
Jodi Fadian,08/21/1958,402606.13,45,55b7b4b1-fa19-4e34-ac76-dedfaa9e084c
Robbin Eyckelbeck,01/22/1976,373879.3,9,bb20982e-0a90-40de-aaa1-c48d6150ddea
Juditha Joesbury,06/01/1967,165648.71,39,49c91c2d-5218-4079-8805-cf474653bd27
Gregorio Broggini,03/11/1955,550630.65,25,64829ee6-92ef-48c1-af6e-200660410cb7
Ruthy Haworth,07/10/1995,226612.46,19,a9fb57eb-8604-4f3b-bd88-3099929e8213
Morgen Gerriets,09/05/1960,784402.65,8,be5f8ec4-dad4-4a43-b727-6b1a679c519e
Maje Tarbet,02/06/1957,718250.45,7,5938b7be-b7b1-413e-a2be-585ac8b19c5e
Aurelea Matijevic,08/24/1983,856356.44,27,127b1616-d084-4b46-9005-ceffc728c3e3
Euell O'Callaghan,05/31/1992,159980.58,28,7c9ba451-162b-4e97-9d6f-aac139585a71
Hermine McCallum,09/10/1965,309248.89,33,25a4ddae-fd45-490c-902d-3ce9512af55a
Eydie Akitt,08/14/1960,719307.15,50,5da5e4a8-f8a6-40aa-8115-5a023d9ddfca
Jennilee Barchrameev,02/27/2000,356626.77,36,43d2f878-3f05-4cbc-98b8-4e2d257aa320
Hannis Paudin,01/24/1981,760816.76,46,b3d0ff77-f67e-4607-a5ed-9b88cbedc046
Rahel Mee,01/21/1978,408792.27,11,6af68198-5274-485e-82fc-3669fa094bd5
Sander Biagioni,03/17/1954,897941.06,16,a9668e5e-c3e7-4730-9bed-a8731a01c223
Verge Swaysland,11/27/2000,103899.62,28,881e7043-b252-48c5-b177-a62a2be3a71a
Reidar Fettes,06/25/1963,304858.35,26,f3df5b85-bf9e-4d78-8672-b42ca433a878
Kathie Luckham,08/20/1967,506840.46,57,c16152a9-78d4-49e6-a9d7-1033c5f382fd
Carree Eyles,06/02/1959,917603.02,48,7e3e2cae-4253-43fd-bff8-38fce19d5200
Layla Alwen,08/11/1951,710124.9,53,cb29fabd-99dc-4443-bddd-aaad26cf1f12
Netty Colvie,07/24/1974,409832.49,6,8c48f665-9adb-416f-87a9-b16a5b5842c5
Philis Inglesfield,12/12/1961,447366.27,30,0b47bbf6-4220-4805-9a8e-e2fad24a77bb
Corrie Gercken,10/01/1987,99842.38,13,9ba9176e-5393-487d-8706-061081c6fc51
Vasilis Camelli,03/29/1977,815235.45,2,c4a6fe7b-f20b-416f-8a92-3563e4c942a3
Izzy Comellini,03/05/1958,392993.96,42,a7b1be23-32ce-435a-b24b-44be90ddd4aa
Vallie O'Lenechan,12/29/1985,655733.56,1,9a1ffe7b-2bd0-4de7-bcc4-d732f1a8b724
Edgar Terzi,12/29/1999,931091.94,22,b995400e-7a09-4676-b9e3-057048c82e90
Adrian D'Adamo,04/12/1991,45316.45,41,24d91910-8cfd-4415-8e1a-a10339abd4c9
Normie Rupp,04/30/1993,867920.23,31,79fe6b00-77c9-4be7-9499-6dd2ace6e2b7
Jayme Salle,07/18/1960,541232.18,27,aa27054d-11a0-4cbe-94b9-4ba6a278d232
Leandra Molloy,05/23/1959,574394.08,46,b38f50a7-c8dc-461b-944a-48d63d7d4fcd
Elisabeth Godehard.sf,04/03/1976,950179.91,31,78b2c800-c7b5-4d34-bce9-5cef91b4d319
Julianna Aliberti,01/17/1969,83011.65,17,ff256eaa-bbe4-42ef-9bb4-120550e5ef79
Nata Joskowitz,03/26/1959,928258.75,33,a3ef455a-4a8a-48db-913c-8f1eb471a73e
Susi Tennick,11/10/1987,642612.45,9,f7ae5be2-4b6e-4712-b441-ebef3f78ec4b
Denna Troker,12/24/1980,77587.89,47,d4e166f1-e7a2-42bb-a625-22fea04ad809
Doris Osichev,10/21/1992,175987.08,17,3c36dc52-7f6c-42fb-9fb2-15636a51ced6
Jacques McSorley,11/27/1953,913765.54,45,e102c786-d625-4329-826e-d868406a7562
Massimo Caulwell,08/19/1977,637617.24,8,ae3034a8-abfa-4e94-bdfa-24325ebf3a28
Isabel Tongue,04/29/1970,706658.0,55,7e4d5f52-de88-4ab9-8574-2feaa5a69b5e
Bengt Corbie,08/06/1977,489310.68,36,5a94110b-136b-4a33-a397-f06c10e1d000
Ellery Messingham,09/13/1954,870989.21,38,654ba62f-f297-49ad-87ec-53fc27c99ced
Woodman Juniper,08/03/1971,431864.08,34,37c99c06-b6b2-41f7-b08c-595af72967b9
Anthia Swindells,09/17/1959,605226.48,45,cb7aeefd-556e-4b33-abc8-08cd9e6c29a6
Garek Clark,11/03/1967,505882.01,22,ff069750-fb60-4919-a240-cdf0bc968489
Minetta Pond,10/23/1989,823315.59,16,315193f3-75ec-4d96-a00b-78407dcef4c2
Tiff Muttock,06/02/1981,694454.93,43,6fbc2125-a0cc-4507-a360-babdc252bf4f
Kelley Gambell,06/22/1952,113785.48,46,1fde7e6b-2fdd-4ea9-8eb2-a275a04a104c
Maryann Nani,11/05/1974,603784.92,60,68879ea5-249b-40cc-a9e4-83136c14d607
Agace Fishlee,08/12/1979,386054.29,24,6ebc33c0-3b5c-448c-afae-2f92acfa8c60
Dulcy Goricke,01/27/1995,552784.12,31,31d27e60-54d7-4aee-8f68-6d8324becd1b
Lynna Deverill,01/10/1995,556084.54,18,64e3e662-25ea-46d3-9d07-acb75e50b9bb
Zebulon Exrol,06/29/1991,401503.54,24,e48ce119-890c-4a1e-b516-5c2aa466d5ac
Illa Ketteringham,05/30/1984,802240.0,45,0a96220b-ab2c-434b-b4ac-32be80d3afa5
Philip Simmance,07/22/1968,404795.8,49,3b40e7f2-9cc4-4864-a0d2-347aec9ec398
Lynnelle Warcup,01/12/1989,472212.11,33,bab7c62f-49f9-4e4e-a7cb-e40ce326594e
Keith Garrand,12/24/1989,910412.4,36,4197b8c3-d5b2-48ca-adf3-deb6e8a76dd7
Correna Trotton,08/25/1999,280326.28,28,d0c929bc-16a3-4064-8bf9-0a45d209a92e
Tonie Leadley,11/08/1982,330172.25,45,a78d2d24-2b11-4bd3-98e5-c5e350023dff
Peyton Pasterfield,08/28/1975,403227.0,46,35f2c87e-147b-4700-ad0c-f75405760346
Boyce Gledhill,09/10/1966,968725.25,40,88605d56-59e8-460b-a5b0-f81933bba284
Julianne Sturzaker,12/11/1978,133842.56,6,0ae90d3b-a65e-4cf6-b957-3b7932906a5f
Dyanne Luppitt,11/04/1983,772857.12,58,e417b349-c652-489d-9bad-c4a5d4b6aa72
Corene Hinrich,06/18/1960,875157.2,27,25be7d8c-5186-496b-a019-79b0817c606e
Sherm Laville,12/12/1950,158797.5,26,8d2db305-fcdd-45a8-857e-4528331533ca
Erminie Shapland,06/13/1981,249442.45,52,6ee15f4f-9e2b-446a-8267-ad9a0109d276
Cy Keemer,07/17/1995,575011.93,40,6ace70ed-7dc3-40d1-9e6c-5073365e8869
Dan Skokoe,06/01/1951,70394.91,33,0abaa880-12c0-4ed3-9dfd-fcb807e1362e
Johannah Rudd,12/29/1969,262984.91,51,c50a1e77-c6a1-483e-be49-d46f4439ef22
Jacquenette Gillio,04/04/1964,505599.79,29,194695ba-46cb-41ba-aaf1-8f9e59b137ac
Meir MacUchadair,08/05/1982,221563.93,14,93b81dd6-764d-4fe1-b363-ab3fac12df69
Rosamond Blumson,01/28/1990,521777.76,38,184fa183-e529-45f4-a51d-f050a29d8800
Francine Melior,09/25/1964,210588.25,54,49407ee0-7b25-4e9d-9752-29e436561a79
Curcio Budcock,12/27/1989,330945.07,16,b56815df-102b-4551-9197-b5845d15b935
Concettina Nelsey,11/02/1955,878954.22,38,09f5ce86-33b4-4f04-a2d8-7cfaa469d9f4
Kipp Congdon,10/18/1962,734983.89,58,30b03da0-568a-4555-a8c9-0012ead45a60
Ellen Basile,03/31/1969,468641.41,19,08c2ba25-5d23-4484-a1b2-045b82db71ee
Loralyn Biddlecombe,06/12/1970,743327.79,34,2efb80a9-ebde-493f-a508-f7d7b9284e73
Juieta McAlindon,11/03/1985,410996.34,6,f5013ab5-e89c-437e-857c-dd87373d8c2a
Dew Mitchell,11/30/1953,957956.74,25,a0b8b458-5520-46f7-ab25-9313c26fd7af
Coleman McNish,02/28/1971,159845.47,12,83092de7-d3af-42c8-8622-cd56b3234198
Clint Pittem,08/25/1984,39585.28,57,9e184bdb-fc8d-4dca-b76e-5861c7dcaa7a
Marillin Danielski,01/15/1983,649857.11,57,5cb340f7-9490-42ab-99f4-258ad97c6b75
Krissie Blunkett,05/15/1988,101596.51,42,40d677bd-f7b7-4f2d-8d3c-ec3b17277d37
Henri Chaters,09/11/1978,521463.92,52,db64c5d0-320b-4187-8539-21dae0047881
Lilian Longfellow,02/13/1953,234012.91,52,3852757e-ae33-40ba-a583-a21eee9b92b5
Magda Wimmers,02/22/1983,706405.71,16,6695315a-f927-4ac0-897b-001970bb6310
Rhett Dantesia,06/24/1992,126978.93,13,5d3efb00-2efb-414b-b96a-acfb321731f3
Nancy Caplen,03/13/2001,894843.11,27,6e0dcbe7-b63b-441c-929b-4d7d9d9e3bcd
Nadya Lampke,01/06/1956,989171.81,30,b657c983-f4fc-4a0f-b1b8-f9c53645fb33
Larisa Gamage,10/08/1976,623539.24,20,e2691425-9286-4ec5-97a9-82521c7afb3a
Traver Simonnot,01/18/1953,146261.39,39,98f24dc3-04e8-44bb-b451-8c060af94691
Regan Hanmore,02/18/1978,165267.18,45,cccc54ea-b956-4f42-ab06-1ec94e9b0c10
Inigo Lutwyche,04/01/2001,338179.06,7,6ac94b2b-3d19-4b6a-9289-f4650b2fd03c
Jayme Goulston,03/23/1963,473320.23,19,353617b8-6900-4a7e-8565-5853a7a20504
Lothaire Woolnough,03/01/1988,38539.33,45,061c3b31-72c8-43c1-ad6d-007fdc7989af
Finn Bedin,10/26/1962,994122.73,10,7ce94a80-959a-4838-b190-6a8845fd818e
Juditha Bloodworth,11/10/1951,921700.09,48,fe808869-3e30-4b8b-98d8-de22957e8423
Kerri Stanger,06/25/1975,328176.38,36,93ee66e3-dd79-47e3-bb09-0ae3b5a07aca
Ogdon Dykes,11/03/1958,836988.29,18,d9c883e9-0fb6-4c54-9f39-07bf1924715f
Gelya Haney,02/24/1969,515095.37,56,7aeea936-b8f7-468d-979e-026f7bbd7057
Gar Feltham,11/02/1962,967758.88,10,e16f17bc-b31c-4a40-9198-3a5c9527fdae
Jeralee Raggles,10/02/1972,514053.92,44,f55dac4d-c484-47a6-b633-b7cf2742af94
Melissa Simmers,07/26/1973,706740.61,46,69c67cfc-d0d6-4822-a151-916276369138
Liva Hubner,09/08/1962,590955.32,18,aaef76fd-2320-4597-8885-a2e5cd59efbb
Cleavland Bootman,04/11/1997,355378.49,17,5b3d2d34-612f-4df4-a445-d4665a0e1476
Florinda Smitherman,03/14/1977,80158.4,2,498ae1dd-fad4-427b-8bfe-d29741991362
Kendal Mobberley,04/04/1951,100999.72,12,d657eee3-4e47-42c2-b4b3-00477a81cc83
Cordelia Andriesse,05/02/1993,477852.43,13,cb262fad-0384-41c1-b65e-b4468f79a743
Goldarina Ricks,07/07/2001,106049.17,1,df7ddf3b-5585-43bc-a909-3bdbbc6b9bbf
Bevon Jacop,12/03/1996,862341.95,21,fa13e704-8dd3-497b-b2c2-f218afc9789c
Axe Grovier,02/15/1980,746799.57,25,fe43a4b6-5dd8-4cb5-b9a6-d1394ad052fd
Clemmie Alfonso,01/21/1954,680280.64,46,ffa53d45-5304-4dc8-8cda-ef23fa596d2e
Dulci Yemm,08/31/1996,284350.16,7,e2baf2fd-98fc-498c-a7f2-e34082dea4ad
Renaud Loomis,06/12/2000,238810.26,40,f3716842-7236-4ab7-846a-716392c4c877
Aurora Bisp,03/25/1957,667629.87,49,202af450-8f3f-49ee-ad83-1a4d8ce63f26
Inge Adlem,08/03/1958,862731.0,28,339aae6a-ee9e-42ad-a68d-c455023f5522
Corabella Lyttle,09/14/1988,34482.94,40,145e2ee0-0bcb-430c-abd5-0003973d06ea
Simon Burn,06/18/1969,570299.83,55,b57f863b-05ff-4056-b25f-654b5456b036
Zsazsa Beaushaw,02/15/1977,940409.51,59,95270709-53be-4ab7-86db-4053ac4aaa31
Gabie de Merida,06/04/1989,620188.29,20,785fa97a-1d64-444f-a734-341eaa549b16
Ange Strathearn,01/16/1981,892194.86,48,558da061-f9a0-47ee-8da2-6b9374ea7623
Teressa Hirsthouse,12/16/1974,337948.79,53,f2bd36a1-4e89-4521-9c8c-b6e6d48432a3
Licha Stennes,05/15/1998,296910.49,31,7a9772fe-bda8-458f-8bfa-6c3898fb1c74
Rici Mustard,04/04/1962,191694.34,10,cfa296e0-3fac-4901-a212-dee5471a6f46
Ingunna Shimwall,04/23/1980,772135.73,39,52d2db2a-893e-4154-9ff4-5a1d6b552654
Deeanne Harbord,12/10/1955,826815.23,55,b81c23a6-4906-488f-95db-55a857715c7e
Tiffy Rayman,12/17/1963,935602.52,5,d3fbec51-07a3-48cb-9795-1afc36b1b85d
Booth Late,06/21/1970,250174.55,35,28e7c5be-ca68-43e5-af88-bffc885367c1
Franciskus Aicken,07/25/1958,670157.62,21,c3b8d4f7-e797-4fe0-9e9d-600f3b3b3ca2
Kelley Harvie,07/12/1977,957600.68,22,ae58b2b1-69c1-4e8e-b7d5-d2eaa9e356eb
Anderea Aucourte,08/31/1974,948370.22,30,d030ab2a-7918-4332-b280-8141f85b0fe3
Gates Gierardi,10/04/1980,527305.64,26,a1e1bc73-8fb2-4fbc-947f-87724e207bde
Judie Mustin,03/08/1970,950924.07,25,7bd290ea-fb43-4ce6-90e5-799f7831ec52
Lorens Childs,05/17/1995,299033.78,55,815744de-e9d5-4a21-ae9c-a28999e7d048
Erasmus Shortin,06/22/1982,642611.09,14,f9fcd11d-8725-40dd-a0fa-22e7480ed679
Deane Scaife,11/19/1992,38020.69,17,7312e47b-3741-4bfd-aa53-87eddd1d864a
Chris Gammage,09/19/1984,103506.03,45,24c8785c-348a-4423-8875-94a46737f7b7
Coralie Reisk,09/28/1970,263291.1,54,b35e3724-d7aa-410b-939f-70478967aabf
Mabelle Huckster,03/31/1972,964974.66,4,bcd055e7-c948-4a75-84c4-313ee1158bb1
Sibbie Shorter,01/19/1973,395064.92,37,00912e26-a4aa-4b02-984a-5ce33549413e
Casey Rabbage,06/05/1997,16967.09,9,176a9d6a-3da0-44cb-96d7-5e4deab3fe4a
Burton Barradell,01/22/1951,286170.74,9,b4e8f0a1-6338-4cb7-8a90-615f3dce67fc
Hayden Harnott,06/04/1963,210079.72,21,bcfc225a-ba0f-4fbf-8915-94bec7b0e00d
Timmi Naseby,09/16/1980,643051.75,32,cad9644f-b3f7-47ad-bc2b-785945e0e1f8
Drona Girard,10/12/1993,44165.84,27,54c8adc6-a546-4fff-b04a-d85e8db686c1
Marlena Kinnoch,01/15/1960,507335.26,31,43ac1bdc-fe1e-4c10-81e8-f25f0c8b9ca7
Silvanus Hindge,12/11/1952,654077.38,30,027fdcd8-969c-4078-9ff2-c00b8cdf43ed
Bertine Grantham,01/17/1971,663951.0,7,34773c82-ca6a-43bc-93b3-85fddac5ccb9
Ekaterina Swinnard,09/08/1986,912474.35,21,4ce612a5-0ca1-423b-8264-a3509374ec7a
Matthus Scotfurth,04/15/1969,100754.18,41,5a39b5d4-4524-4e22-b389-0e9d7256f11b
Shalom O'Kinneally,04/30/1960,13100.95,23,ac20fa9f-38ef-43a0-855c-465274bcca6f
Edgardo Risebarer,07/22/1990,58287.47,29,974a43b0-1f5e-4aa3-96ed-05867913136b
Arluene Kimbley,02/20/1999,546068.0,15,f6acd338-cf17-4924-b608-84b3de6b0dda
Charissa Mohamed,04/05/1988,956478.7,44,3f288b30-12e0-4e18-bdb0-e69f06b98d47
Jewelle Satterfitt,01/12/1960,246491.53,21,9294ab06-9fbf-4b4c-a712-ba249989e7c0
Kelsey Bee,06/11/1967,176123.79,3,b7ab5ee5-10cc-4c77-b8ea-ec15f5809b2d
Sharity Wontner,08/21/1973,337425.08,4,2c9f75ba-0c66-4e8c-8659-0fe5dfb1797c
Tirrell Dawe,10/02/1997,549757.67,8,d4494b80-3d2c-4b05-a0f8-b020df87d16e
Neala Pittam,10/11/1979,293891.67,28,39d62232-a307-4f01-b4ac-44736b89cefb
Wash Blazewicz,01/23/1997,916983.25,56,ba7496b3-d742-46cb-b5a6-517c1f78c2da
Flem Ayer,03/20/1979,31.62,31,1e30cdad-b304-4724-b2f2-28dd5e3691ff
Hanny Duncan,04/08/1976,653692.07,24,0c3bcb06-5d21-48ad-b5ac-ef0ccbe4993b
Artus Boadby,06/14/1968,668580.91,49,de5783a6-76a1-4a52-8b0f-a0b3127d5943
Ryon Lummasana,05/10/1968,595565.06,38,f0013dce-7581-401f-a46b-5d17b7919a69
Cathyleen Herreros,01/23/1990,591294.02,49,2a9ed3d0-eca6-4118-90e9-3be181e89650
Bastien Frowen,07/05/1967,785900.95,9,1998ba21-b009-4511-adad-07ebb58371f8
Laughton Coultard,02/24/1983,572310.48,55,9c197f2f-3ed8-4b21-89a7-52d016e7b4d8
Mack Rounsivall,08/24/1983,183930.9,2,0fc99e6a-fc4c-4f17-9ba8-3831b29f4c8f
Lorin Foxhall,08/18/1959,428693.81,8,8f810cd7-4e4e-4360-a329-3b0b687c2e25
Ingeberg Boase,12/20/1998,611211.51,37,ce328f51-1098-4b8d-9a97-35cb1d6bf58f
Shurwood Chasemoore,12/13/1996,763775.28,33,7175a9f8-5e92-425a-97f8-10d8e1828a5d
Iormina Skerratt,07/16/1985,960915.27,49,627cad4d-49e1-42aa-87be-e3f1e1956c8a
Wilhelmine Roomes,11/29/1985,179017.63,30,fb001dea-3e44-4689-9f66-5f7ace1b4f1f
Myra Weatherhogg,10/27/1984,52196.87,49,0287fb12-3797-4987-9220-7f87db03c5f0
Rey Dorcey,07/12/1976,216854.07,12,f39ebf1e-d1d4-4d96-a9e2-dc203bf82137
Prent Barfoot,03/06/1977,448242.76,45,e5290b44-4ff8-4f4d-a6de-ac231585811b
Meaghan Greste,10/15/1962,103397.51,41,edd5775c-0b74-454e-a414-f5ed3789b0e8
Corette Truggian,12/06/1977,900077.86,25,de41699e-5cff-41e9-be8a-a8e8fd597655
Alia Fleckney,07/01/1969,70143.72,54,ad28b802-2e5f-49bc-8903-a2d98fc6ea2d
Lonnie Teodori,12/15/1985,174963.62,8,5271bd9b-76b0-4fe6-81bc-776ba44706a3
Vince Sharpling,06/23/1961,966387.86,47,4b2b3eee-7e08-4608-b684-7cba4e202681
Christi Larkin,12/07/1962,782868.33,28,9679d286-e402-4469-a8c6-cff436870a93
Juline Kamiyama,12/01/1961,571491.0,35,c25ba134-ba14-41c8-938b-b51d60747a85
Ysabel McBeath,12/25/1997,262112.43,7,25a68d7e-10b6-4dc9-adfb-59b37d74ea19
Darryl Cornewell,05/09/1967,572549.8,23,79402852-9113-4b8b-ad85-76dd4a6a8cc9
Padraic Ganning,12/04/1951,331368.23,47,a1d66d21-8230-46a8-9ad2-e14ec042caae
Lemmie Kenworthey,08/29/1953,584954.52,56,8683dd10-3ade-4dd2-a00f-7084dcdd1d91
Terri Anselm,07/22/1996,453679.82,45,1ad3c021-52ed-49f7-870a-92dc26a79371
Florian Goodbur,08/29/1999,384495.02,9,3a2358b4-65da-4f4d-a722-b35216f82265
Kara-lynn Olenov,10/03/1981,133255.15,37,a2cddcf5-a1d3-40a8-8afb-f8549a5f3f9b
Shayla Episcopi,08/04/1965,902013.25,52,a7c442cb-9683-4fc2-aefc-115ddb9d4cd6
Ainsley Straughan,03/11/1998,775599.06,34,63c6dd00-afb1-42ec-89de-65fe2612cd69
Stephana Regglar,12/07/1981,920871.6,16,a73983de-4ea6-49cb-ae95-dffbe9c27d5d
Keriann Livens,06/11/1998,415844.2,35,6849cc49-8192-421b-9b1d-87ffef4adfd4
Taylor D'Orsay,05/13/1967,405238.74,36,91a231b3-8cdc-4542-8e92-8b067f82d2c3
Julieta Pleming,10/05/1999,400672.48,33,360525ef-7491-47bc-ba6a-b9b33c40a1fd
Nanete Willbond,11/27/1999,304088.72,28,bc15beb4-9e45-46bc-bdbd-bb0495f21331
Janetta McCutcheon,01/05/1994,275179.64,14,3f58526a-40d0-4607-b686-502beef67cb1
Andie Runnett,08/30/1966,449317.51,8,174b1dd0-8bf4-4b0d-94fb-bc284cc3660e
Anatola Dalgarno,01/04/1983,169373.41,13,32354eaf-ed15-46a1-9c05-a739c486e8d1
Augy Limpertz,12/06/1961,154306.37,15,dd80a593-5aa0-4aa3-bb38-46d678295256
Mildred Bourgeois,05/06/1975,79633.79,57,a8483264-c0b6-41d2-957f-fbb6b1a49d1d
Priscilla Alcalde,07/09/1972,208086.82,29,e91ef4b4-fd21-49bb-a908-27a263e855ef
Daniella Robke,11/20/1952,192516.68,8,c2a19fd0-2f8e-4572-aa8d-3029bd45c2fa
Brooke Killeley,11/14/1971,551316.64,42,b35dd59c-2078-474c-819c-8dccfe2474a1
Nelia Henze,07/12/1988,190426.41,14,75d53017-ff8c-4eab-a3e2-906f466333de
Maribel Briffett,04/06/1997,466880.72,47,ff1316e0-3981-4423-9f8a-ac9030201f85
Vivian Derisley,12/17/1956,476727.23,31,b5553394-bedb-4edf-a396-7d90e26d3ddd
Lauritz Danskine,01/15/1984,708965.79,47,2d827ea4-7189-4fa4-8ddb-251dd4b3f773
Abelard Chesterfield,01/31/1969,489111.0,7,0af21990-c4de-49e7-bf4b-908db0753e62
Gaultiero Widmoor,01/05/1968,727142.64,16,7bca01be-4e7d-4774-9b1b-d432aebed11c
Garek Mackrell,03/26/1969,569292.2,46,7c1116a5-806e-4bd6-85b5-5ac68e94297d
Clayborne Huddles,03/05/1963,951776.49,9,f6e384c1-65c7-4d2b-90a0-dbd5f15672db
Rancell Bernasek,10/24/1975,590252.5,58,90bcf337-6b5c-4ad3-bc38-0ec374958380
Ahmad Niche,03/22/1991,6995.25,26,d1f955c7-0785-4776-bc10-d6bc861c25cb
Garreth Sheard,01/04/1981,8697.83,24,b7349f7a-a2bd-48cc-a5cf-9285ead50125
Cy Talkington,11/23/1954,547545.49,7,ccdcef2d-0daa-4a44-812b-fc8534d1c042
Pren Prosek,10/22/2000,410012.37,44,919acaa6-1fd9-44fe-a5f1-7d14caba8f74
Zachery Shallcross,02/11/1977,442507.09,54,efd09bb2-9d18-4c99-ac58-05fcd5ebc9a6
Pearce Ferens,09/20/1980,555546.53,41,eb9d130b-7602-46fc-bf70-d8649bc5469d
Marietta Klemenz,06/20/1957,761268.59,19,6f616e8b-84c7-47b9-9cb2-bb4b520bf192
Murvyn Dinnies,02/07/1963,174363.99,2,96788393-1048-49e3-a350-ab372afa0852
Deeanne McAvey,03/29/1975,747185.41,30,69715fe1-278d-4c0b-a2e0-7edfefb50e31
Joyce Fattorini,08/10/1994,645596.34,27,e7b4f11d-2180-4983-8fc1-f22981897e63
Katheryn Jacketts,04/13/1992,555132.59,47,13514276-a9de-4492-ba6e-7f4d23090e13
Lindsey Ockenden,06/10/1987,898137.13,29,7404b409-8852-4c9c-a1d8-3e3fe623b521
Ava Presland,08/15/1979,335400.44,36,71e59d53-af68-468d-b0bb-9ec16a324b55
Robina Janovsky,03/21/1952,48719.26,20,0105f85b-2707-4fbc-972b-678ca5c60bdb
Caralie Brogden,04/24/1997,499336.8,40,32b1bcc6-6f22-4946-a4ce-e5f28a13c235
Sissy Imason,01/29/1983,435309.51,28,3708a3fe-c973-4233-b8b0-aaa28ed39839
Xerxes Moreby,10/24/1968,430251.69,43,8d53e669-8fc6-4ac5-a88c-a6607e36a9e6
Jarvis Dilrew,06/11/1953,910485.6,54,486d5752-1550-4db5-bea9-f3d0f69ecead
Nevsa Drogan,05/15/1962,75962.03,8,0006cdaa-fb26-4e8b-8943-f7f57372675c
Iain Ganny,07/23/1972,582419.13,29,d0ea4997-d820-4f09-b0c4-9d073f276c14
Delphine Copperwaite,04/04/1966,454303.72,6,4f0ba984-2369-40fc-9d8d-246dcfd3c5d7
Tarrance Nottingham,04/30/1988,758511.49,53,a883b23c-82e7-4210-9779-f7fef8f6dcae
Arlette Morant,03/01/1961,25387.2,50,9ecb6eb7-78fb-4785-86e7-6c7b331a19cb
Salomi Jasik,11/19/1978,6478.16,48,cb1dee67-224a-4c47-a4a2-775778f79e80
Leonanie Devereux,12/31/1970,550243.0,32,69eefd07-6d86-466f-b7be-a56413589bae
Jo Dowsey,01/17/1971,652453.13,17,3c266618-69ef-41d7-b7e8-1c57f5ce2c07
Misty Orkney,08/08/1976,666002.24,41,5cc6b143-c672-4751-bd98-5c2f272b019a
Merwin Costerd,11/16/1988,12638.53,27,ca94b7fd-cb67-40bf-a656-ad76c56ebe4d
Irma Milliken,02/26/1954,874456.47,56,353d7a37-ebb0-4887-b43e-81582d5bbbb5
Sinclare Ragless,03/18/1959,678443.72,8,91d9790b-bb0e-470d-9770-aa89b3d51b3b
Jaye Crat,04/09/1975,293466.28,60,48bb7839-41f0-4b5d-854a-fe11df04cf85
Aube Brazur,05/10/2000,780687.64,37,fde14763-bfbd-41f3-b55b-c1d26720d17a
Benedicta Willmer,01/05/1980,813556.44,2,ad77f069-9e1a-4e8f-aa9b-7347ab1e3ded
Britney Scarsbrook,04/22/1992,827933.87,29,e6f334b8-f6e1-4f6b-ac86-73e817444663
Hillie Mangon,05/01/1991,664865.81,6,1f77be5b-f102-4df6-a0b6-f32968af5fcc
Clementine Fendlen,06/18/1952,259846.12,12,2e9d13be-aa93-44d6-9a46-e4fec2d7cfe2
Gradeigh Ellph,11/22/1990,906892.98,4,25971e3d-0171-4531-926e-fe8cb9526b0b
Alexei Filippo,04/16/1999,702650.48,51,355d6628-5022-4ab6-891b-33a5ce44c5ab
Vidovik Errett,10/17/1971,887076.97,2,5359b704-a51d-4b3c-a387-fc648596b12e
Jocelin Gowling,08/26/1979,913699.83,50,ff89f15a-c656-4870-985f-007fcb169732
Faustina Varden,06/25/1989,975658.9,9,0b124bc3-8382-4049-9a0a-db08737b1af1
Carlo Janecki,03/19/1991,429299.0,45,535ce379-be62-4ffb-b440-2093ccaa945c
Koressa Bruinemann,10/16/1978,912419.29,57,6dd5dbe5-dc37-41c3-bfd3-3453c4181525
Darline Missington,02/15/1987,837295.4,16,5285ba26-f1e0-4a1e-b845-5061681e0ff0
Camala Hanes,09/07/1972,162044.16,32,a5825aed-4417-4415-8fe3-4fe62dbe40b1
Ado Temperton,04/29/1958,891018.3,42,06c2fc68-6abe-491c-824d-c592369968b1
Nadia de Clerk,05/04/1993,391351.45,24,22f3e49b-c521-4118-b3e6-dba2670dc97e
Miner MacEntee,09/07/1961,704484.0,51,45ef84e1-1c8b-4375-a375-84634d852ef2
Aguie Rustan,06/15/1975,388398.93,8,9ffa8226-db26-4f26-b45b-608d73d17b89
Jean Greenman,05/01/1994,965906.92,49,0f06083d-a06d-4d70-a24f-c56588abe765
Freemon Stilldale,01/01/1954,52625.01,52,259eb322-dd67-4a3c-912c-4801a2862583
Tedda Atkinson,07/13/1995,331730.25,25,89a2639b-0b44-4ef4-abb4-553dc3036a0d
Moina Tutill,08/22/1952,583858.99,34,829115f9-521e-486f-9cfb-04fabfc9f2d4
Helyn Doby,08/03/1999,167856.82,39,010d4ccc-3cf6-4b6f-96a0-dc540d28c980
Earlie Lavis,09/12/1975,606747.94,13,a6b9596c-283a-4d4e-ac34-a5e4082fc61a
Leonerd Sandwith,11/23/1977,635780.0,6,3e3f1ebe-b8b1-4694-bc81-bf51506381ab
Kass Crux,03/30/1990,605460.86,14,4146a649-be0c-40f2-8a1e-7b7dee588736
Stanton Brainsby,04/02/1970,411181.5,48,a6319a50-0026-48e4-8a08-9a2b1805005e
Christoforo Tubbs,08/04/1966,792138.4,42,83b27f14-11c9-4891-8b5d-9a47cf9ad9cb
Barbey Kingscote,10/05/1990,341568.05,22,18b4ca18-c686-4cd1-a48b-4c569ab0f928
Antonio Petrushkevich,11/04/1954,661755.93,37,8153e96d-f679-499e-a478-aee7fc7f45d6
Dacey Darragh,08/28/1983,783775.54,37,cd3189d8-48fe-4269-9aef-77e6dfcec7f9
Mychal Pauel,05/03/2000,432574.05,42,8216fafd-dbcd-47d2-bbab-e5da00c0df33
Cal Delnevo,01/14/1998,498552.0,60,963dace2-4cf1-438d-af42-f7c6d6365c18
Shantee Ferenczi,10/23/1985,705698.82,50,90c273b2-0166-4b8d-ba52-b080f381343a
Pyotr Matthessen,02/21/1967,122024.7,16,9d16ff14-7e42-49a8-9d63-2c6898471caa
Sonnie Drews,05/31/1973,425524.63,54,b0f57f2a-e7d1-4323-8c14-0ac86238a2db
Melanie Rosenkranc,02/18/1991,773200.7,44,36d4701b-5b8c-4f1c-879a-434dbeade51c
Dev Durgan,07/08/1987,341370.8,40,cf315efb-d93b-44c8-af15-d8b190e34fa9
Bryant O'Hollegan,07/18/1998,437288.77,53,185ed70a-e5ab-41f3-8d7d-3ce53512bdd2
Brittany Millam,11/20/1953,947581.46,24,fd11ca07-ac17-486a-b7a3-2b416211ebdd
Rikki Skylett,09/23/1996,735525.82,15,031f75d5-3e99-4c32-b89a-727da628a26b
Constancia Pipkin,06/19/1966,183503.41,31,d7467b57-3611-48ae-b419-cc2d333e5538
Rocky Dober,06/09/1977,7875.72,32,607ab092-f21a-4e0a-bd97-35c9b6d2d3c2
Arne Smurfitt,05/22/1962,797133.12,47,38346a6f-6b56-4440-a5e3-808ffd99095c
Yves Blunderfield,02/17/1967,495496.16,47,1b2feb6e-4260-4cef-87b6-526c4da65a02
Rosabelle Atmore,08/27/1968,161139.49,29,d84139e0-9567-4e51-bea3-6d66ecd17abb
Petr Heard,11/14/1962,715051.07,7,bebfdf1f-e720-4475-9a84-e3fd49fe8dd6
Vivi Veschambre,04/05/1962,433430.04,40,8eab1cae-0415-4bb2-b699-f339a2799ae7
Mose Groger,10/13/1953,897603.99,3,e2458784-4182-4469-8ae7-e9bf15b2237b
Krystal Scutt,05/14/1975,905710.63,30,53ad3dfd-bb9e-4319-bc66-0fbaa875059a
Margareta Rudkin,12/01/1980,908548.56,57,2efb3521-ef23-4b31-ab0c-759f114c7e0e
Eduino Barney,05/05/1971,131401.09,23,c49e8194-1daf-4635-93e9-669bbc5a0140
Romain Moggie,02/12/1954,501848.12,42,7c605ee1-22ad-4a32-bad7-61e1ed140bf7
Maryjo Haslewood,03/11/1986,824863.87,58,794a4f1a-bb08-4639-bb1a-7b8dcab4994e
Norton Rockall,01/23/1954,846280.35,2,db5956a2-8892-4e82-b2ba-2bdf1c78c9c9
Angelle Aldins,10/27/1987,354923.91,40,92950e3a-a4c3-4578-a94d-3b00e98b1bb6
Aubree Le Franc,05/12/1983,672068.56,6,82b2dde2-2ed9-4fe7-9aab-496177837622
Dwight Collibear,03/11/1973,637895.25,46,3697dd96-19ea-4ea5-80a3-4b01e3ccdac0
Gilli Buckler,04/25/1991,972986.8,54,02488c96-9e0d-4ef0-ba5f-3da2226a1d30
Audry Walkingshaw,02/17/1995,410999.66,24,98234594-33d8-4684-b488-172253ed3e5b
Obadias Smithson,03/07/1958,785484.77,27,e67a2324-7a7a-4229-b844-6cfdf4af0d7c
Torey Ottawell,10/01/1998,725858.16,25,ca03b080-3f59-4c80-936c-55ff7ced5b1c
Addie Whelpton,06/16/1955,628988.41,15,a04017ba-831d-40b6-be5d-f090a5350b67
Waneta Ellar,02/03/1967,354326.92,29,10f9158e-29ff-452b-afd2-92519a3aafaa
Cecile McMichan,11/20/1989,754503.52,26,938d5577-ca62-4595-9b8c-fa50d2e4c01b
Anastasie Heningam,07/04/1970,345142.03,14,c719b556-283d-46ba-b6ee-0e64425620f8
Dionne Bredes,06/28/1959,778511.75,2,86b07fba-3318-4c3e-9caf-ca53f20d1e54
Robbie Koenraad,12/18/1990,635435.84,51,7d216760-ffa0-43e3-9dbb-b85b9022405e
Ruthi Drain,03/15/1955,720906.0,2,bd33ff7a-ade7-4e3c-b4d1-09710238b45f
Jen Mault,10/13/1960,949276.6,38,5d39ca45-7426-4c1e-a284-00c725b114c3
Virgil Waldock,09/03/2001,587167.07,32,03088506-9f97-49d0-ba97-49c59d004ee6
Darius Bortolazzi,01/22/1953,243369.55,49,b9eaa602-be65-4cb8-a93f-f63669551f63
Jacky Giffard,02/09/1961,898160.35,30,64d5546c-cc8f-4fe6-99f7-8d1defa79a99
Dilan Muscat,12/28/1957,417080.66,29,30131e0b-5b91-48dd-a422-8bc2fbeeb089
Kalie Kinastan,04/30/1968,862880.45,36,4db58049-cce8-4a53-b828-0f72ee49e88d
Trina Canter,10/03/1997,287143.25,27,1b9a293b-410d-43f2-8d9b-3ca5b7d8be09
Reina Powrie,08/14/1985,300757.3,8,8020dccd-80dd-4c2a-81b5-c1874d5f9fd0
Panchito Gibbin,02/04/1990,799855.24,20,d3d41f2a-3b57-4c93-8415-7eb9bc6eee46
Zebedee Le Marquis,12/19/1991,20425.44,49,77ec2a3a-d0ae-433c-9584-5e49c255905d
Susy Feye,06/18/1976,905695.52,2,a152ade7-0d7f-4d19-b50e-0a85afbeb47b
Correy Guisot,08/25/1968,178098.49,57,452b84a6-41d9-41ee-9083-79d7fddc5add
Binny Liddon,10/22/1959,466621.39,57,52b7befa-a15e-47d5-a6cb-552d9f4d8924
Olivia Pereira,01/10/1988,317167.75,27,0e25e039-4246-4ade-9ca3-16430b745401
Rosetta Maskell,12/17/1976,620130.1,3,1472efb6-7862-4bef-a406-d63d8e9b0431
Hakim Camelia,01/12/1981,560376.0,6,7c85c518-2024-4cdd-aec8-dcef17d2ed21
Quinn Grishmanov,04/19/1983,114369.1,33,274a006d-8e34-4036-b9f3-964c97fe1d90
Leonore Reede,08/26/1978,451865.0,6,fdbe4dcf-35dc-4ce2-84b3-7fae065c9ec3
Joice Muckian,08/20/1989,734001.13,33,f200b106-5ae3-446e-9b23-73195b18bccc
Gerrilee Bloxsum,01/08/1957,699705.13,60,276f2055-3572-4577-917a-c164851c02df
Elita Woodings,06/27/1980,727109.77,15,195743ca-7efb-4c0a-8112-6cb72189859c
Alica Jikylls,06/11/1960,857756.62,13,461ec00a-66ed-49d2-88c1-8422a8952bb8
Kim Hayhow,10/08/1967,409898.75,3,00490ae6-c7c9-467e-ad57-db57a624882b
Rica Nott,09/13/1983,979507.6,31,9d0a3010-ee65-40db-ad6a-cb9ba83f96aa
Ursula Leipold,08/15/1982,539245.55,55,b4158238-ed94-4df6-b575-7cbc98a95a3a
Ariana Leap,08/16/1984,131263.79,35,cc4e1c35-7e24-4e65-bd88-9163952499dd
Lanna Purves,03/30/1978,913543.81,59,8fbe25d1-1afe-4ea7-9f48-d925e6e8b7bd
Pattie Skinner,01/04/1961,207690.3,60,9cadd283-7c4f-46ac-b3ea-cb92f5f9ea12
Alphonso Flippelli,09/17/1982,882274.45,57,4f8350c5-87a8-4e91-a614-e676a96de4fa
Neala O'Hallagan,04/15/1986,436360.68,27,535ed9be-df82-4d87-8948-e081de28ddc7
Alleyn Beel,06/20/1956,606229.87,12,a36c76ec-ca4b-4634-b78c-c525b691dc5c
Fayina Ivanyukov,05/19/1966,663395.24,31,9dfdf66b-6d10-42ab-b186-1e2a40ec4af9
Delmore Belfelt,07/29/2001,725451.57,51,fd3a8225-ebb7-44b3-b977-4a1085c1465b
Anstice Lamba,11/11/1960,912793.67,9,fdb3f792-f8b7-4673-98fd-058efd7e67e7
Sandro Santori,07/03/1957,48202.69,4,443eb184-7ad7-4004-a9ac-cd63a83d2bf3
Alanah MacScherie,07/03/2001,552654.96,47,baea35b3-4134-4346-9b75-a3bceda203bb
Hill Coverley,01/29/1957,53454.06,23,d0f62c9e-4fdb-44d5-8a40-cf36b8e9daa9
Rubin Shera,12/02/1983,113549.27,55,83fa6824-e731-43fe-bc82-4314f3ec014f
Harwilll Ottawell,03/26/1956,21859.97,38,955c28ea-0b84-454b-ace4-30259136651b
Davine Atkins,10/16/1998,678179.59,48,5cdd862e-2a72-4813-882f-7dfb232b5233
Hanny Cansdale,11/25/1991,727894.22,3,ba120173-add9-4c8f-bc03-138dc9928166
Jen Cornhill,11/08/1979,64635.15,60,b14a934d-216a-424e-830f-a452eb8c9aac
Ruthe Longbottom,06/25/1997,613348.9,9,32c96750-f305-4d3f-b401-a992082a163b
Reggie Thurbon,01/20/1978,410252.89,43,5a932a39-9b92-4169-bccc-02166251b5fa
Lothario Hansemann,02/16/1992,506053.97,1,032070d0-af54-42e9-ab5d-0f8b492e1448
Alanson Deniseau,10/23/1974,651863.88,38,0a97cd48-d248-4176-aaea-dd5c5b8a4f73
Billy Culleford,08/19/1983,173757.67,22,8a24b67d-5838-4e98-a11d-5072562d83d0
Judi Pembry,08/30/1951,360424.2,50,89384f29-6e9f-433e-bef6-540fe2ceecbe
Jon Meijer,09/11/1977,868245.15,60,7c77db60-570e-421f-ba4c-1208cec041a4
Celia Olenikov,07/31/1990,34724.98,5,c3360640-40d1-44bc-9ee9-d8e751139769
Giacopo Askam,01/04/1954,587048.97,12,2a85fd09-621a-4daa-94d8-635e45df2afa
Gilberta Rodbourne,03/04/1953,929305.61,47,be2fdf9f-4e83-4aec-b0e3-ea89f567e35a
Gabbi Chettoe,12/19/1975,160117.07,53,60d6d533-66db-4d88-9575-79bddd662aec
Kristoforo Arnatt,01/29/1990,656840.79,52,18c46444-057c-41fa-9c1e-0e4dec79fa06
Evey Hirche,07/15/1966,315991.13,19,f1f16614-c580-41d4-8ace-7a2d92f8bef9
Alla Sheekey,07/17/2000,463863.82,45,5f61ff82-7ee1-4741-8bd7-bf9d958d49b1
Flynn Howat,01/14/1986,174321.49,46,d74b8f61-32b4-47e8-a340-976cbe5afdc9
Rheba Loxston,06/27/1994,999010.28,44,c4ef66ae-28a7-49e1-9bc3-c5fd9c6e265d
Griffie Addie,10/07/1999,909388.9,42,49569802-4959-491d-ad50-97d45798f3c3
Goddard Mingardi,06/29/1989,170908.2,40,505a5dc9-bbb1-478d-bb32-20489605a17b
Corney Naile,09/23/1989,969466.21,48,c689b324-a875-4185-960a-b60a19be2373
Melody Gerrelts,10/26/1962,18430.9,11,5883bd89-1ba8-40bc-8415-e334153f31fc
Kalle Poure,06/03/1961,116144.92,37,03b9ca40-216c-443b-ab63-c7bd38ab41cd
Ilaire Streatley,09/12/1982,880782.48,7,ed4d4926-217a-4df3-9e82-6aa597d8ef46
Kathe Norman,03/28/1999,465951.34,25,8b151287-83c0-4c88-bfe0-218a80245896
Georg Tidgewell,03/07/1962,873561.22,38,6b340027-7018-447e-861a-543c86c029cb
Mar Duff,01/07/1992,108372.31,15,8b552f29-0004-4748-9074-61e81a9aea0b
Garek Walsh,08/06/1954,139856.84,29,fde39b9a-e4fe-4254-b248-5a645d883aad
Lenna Sergeaunt,06/12/1951,501747.26,7,992f5c17-5118-4083-8aba-c8efc59760c4
Gordy Jeskin,08/02/1956,939610.28,29,3df05634-980e-4266-8ecf-1ab243c10ee8
Brannon Bernaldez,05/01/1968,53097.86,49,bd9ccd1f-4a42-47ac-83b1-1ead3bc46d42
Brita Wilse,05/16/2001,517258.74,55,a990016a-1c40-4a22-a2f1-6ced3f558111
Pieter Jaye,12/11/1959,840305.62,19,ebc67e72-339e-4035-8b56-e5019ed33108
Babb Seakes,07/07/1976,563207.87,45,665dbc46-ff17-4f0a-9272-5fafd489feb2
Sam Rein,08/31/1958,261168.09,51,c023e0d2-d416-400c-887a-99ed3a89279c
Hillery Brokenshaw,08/06/1954,354938.34,44,3e6a8e16-f8e1-4fbe-a8fa-7dd2df52bc30
Axe Daelman,09/11/1960,411702.16,17,b4f2c21a-8f50-4f69-9d86-761353eccd41
Filbert Etheridge,01/21/1964,156560.48,26,ea13d3dc-4324-4756-a9e8-d63313631848
Yuri Skuce,10/29/2000,88080.44,27,becb896e-158f-4188-b818-c93f4d4eaa71
Killian Vellender,11/22/1996,853224.05,3,1a01dceb-b722-481f-9f8f-588154b82050
Isac Dunk,04/03/1971,800447.35,42,d7b99efd-1fb6-4b23-bb1d-5e9041b9dfc8
Natal Satterlee,11/07/1998,152915.9,35,a8d3af6c-3967-4cbf-9525-0325163d8672
Jana Thebe,07/02/1961,407423.62,45,fabf7b0b-edac-4faa-8cd9-d4b8c66a54f3
Masha Kinkaid,09/01/2001,296674.19,35,6b3e49a1-f3fa-4f0f-bf3c-09c6e859fb84
Blaine Grevile,06/24/1989,489103.51,51,100f35cf-bf5a-4aa0-86f0-db7e0019aa32
Karita Jarad,07/01/1964,969147.0,4,aaf1bea2-c8ad-4977-818a-47eb04358bed
Chris Bumpass,05/23/1996,112859.23,56,a305e6d5-7362-459d-855f-ff52fff6ad2d
Kliment Drivers,08/22/1986,720103.09,18,7bd2c5a3-616d-494e-87e0-25514b6b1016
Symon Bea,12/13/1988,221969.46,40,c335b873-6371-4006-b4a7-a6a40457fad0
Vicky Brockhurst,05/15/1973,747698.2,56,5a7f3b31-a1e6-49a8-a6f0-a9344cc26acf
Shawnee Kail,07/19/1953,760064.03,47,e4889e91-06d0-4a53-b217-12def0d25e48
Wallis Duff,02/02/1982,231534.23,12,baa292cf-9dc7-4ec2-917d-43668456ff81
Marven Chipps,10/21/1996,234110.63,23,75a31c0c-72f2-4abe-a0cb-51240104843a
Skylar McCaughan,10/27/1960,827957.77,55,1ea5758f-93da-4cd3-be49-5185068edc84
Wilone Gianilli,05/22/1974,425221.0,20,2ca1b2ff-cbf9-4720-9e10-9a999aa6c708
Kenneth Antonchik,11/03/1978,349984.92,20,6965d47c-d0b6-43fe-874a-58745426cffe
Misti Whiley,05/24/1987,577296.45,60,c9a1bb5b-a20b-4c33-8903-44755eebbf48
Arvin Scapelhorn,04/06/1990,932218.24,32,cc8b2fdc-270a-4ab6-ad00-7000007729e0
Romonda Jeffcoate,12/15/1974,690087.13,39,268db929-49f8-4b44-a499-3dd0df7f6471
Zilvia Vanezis,06/11/1986,860665.31,56,960d6551-b6ee-4f12-812e-7f16067e69aa
Zola Bourchier,02/23/1977,786748.3,18,89686e7c-c339-4d46-8f70-75d8579ca5b0
Hubie Haskew,01/24/1991,691202.2,29,5d071955-7afd-454a-9dfa-0b4499a22470
Nessie Treagust,02/23/1954,861499.0,60,05084198-eb72-4ce2-98b5-8839743a212d
Donelle Churchward,04/15/1961,335705.68,11,9f976779-a08f-4ab6-b0ed-f83c1c1fba5b
Kelsey Waymont,11/28/1999,489564.18,36,4e96d9fd-1834-4c44-b1fa-3d8db63401f3
Clyve Ellerby,05/20/1984,969941.93,40,0b82576e-5169-449b-91ca-17fbb568a8d5
Jan Nystrom,12/15/1987,806764.73,52,bd56b78e-bd8f-47bd-b225-e2a5b3185fa7
Maxim Nalder,11/12/1974,534969.27,34,1c469863-348e-4af3-b40d-a7d0eb760014
Iris Twinborough,07/04/1955,107163.11,17,f8f459a9-1df7-4af1-8fc6-792618af52cb
Laurette Bruggeman,12/14/1988,859408.67,25,304dab01-8d99-4e9f-a076-98275462d7c6
Ursa De Biaggi,04/17/2001,910066.07,1,7bd43848-4656-4786-919e-6b0e6ff52377
Ware Berzins,07/14/2000,898596.23,6,e2b949a7-f69e-4dad-b081-d8e9e7536d35
Willie Harmour,11/24/1978,26164.63,49,7ea1fdf5-501a-4030-b692-2a71665022be
Chelsey Imlock,01/11/1977,15481.58,9,b24bd0f7-db6f-44b5-aca3-1d753e83a22a
Bartholomeus Goforth,04/07/1989,316568.91,58,e9cf2f4d-2751-48cb-bfa7-d468fd04965b
Harp Thurbon,03/07/1988,237704.34,20,34f75ed4-b037-4ee2-8f75-c3bd7bc41633
Leontyne Hepher,11/24/1984,329550.16,50,3ea80cd2-9907-48c8-ba4c-8e6601e49f39
Dorris Czadla,07/14/1995,887379.68,46,f0048b95-041d-4d4f-aa16-22ffc8aaf781
Kiel Honniebal,01/26/1991,696028.23,8,7dd94b9b-13b0-4f0a-87df-87f08ff7adac
Celinka Yurin,05/16/1980,785939.49,44,4b5a1ad7-f595-4846-9224-52f825dc6d8e
Paquito Dinwoodie,11/21/1991,981438.7,38,9c661119-f6c1-4ef4-8390-c9b5851b3eb8
Liuka Meadway,05/11/1958,81555.72,53,7dacdb70-f0d6-4c04-a83b-39d69dba2560
Paquito Summerhayes,11/29/1963,768240.28,14,fe944251-b75b-41b4-864a-9b53144f006f
Kendre Elener,11/12/1959,899833.92,47,7221f3dd-968f-4f16-b2c8-3255758c275c
Bax Zanni,08/20/1988,615580.35,10,0280c06b-79c4-455f-9da2-b808b0e841a1
Valma Hasnney,07/17/1996,883217.69,20,878967ee-51c2-44d6-b888-7425d1bd3a95
Rayna Gaw,09/23/1995,309443.43,8,f6f13c7f-940a-4a41-b2af-e83c8350bc1c
Kylynn Simes,06/09/1978,645705.96,4,d513e1a6-15ae-4853-91cf-508be8248e1e
Karlik Paiton,05/01/1968,164686.53,55,f8b8c4b8-71b3-40d9-bae0-7ada5de181d3
Marcelia Duchant,05/12/1981,588308.0,6,02a3a33a-a5b5-415d-9f95-e5d2c6b41700
Inna Barock,05/29/1983,579425.14,10,385565dd-3963-4cca-8228-1012bdcbe1e0
Rich Malam,05/05/1979,754736.14,11,d1ed6c10-fe46-4226-90f7-7d228840eae1
Berton Philipsohn,08/31/1998,43427.39,49,3b8bd28d-e383-4261-b000-8d6a6e8c0a6b
Almeda Chinnick,05/06/1974,380926.69,47,5eca5b02-142b-46e1-94f4-020bbbfac714
Carmina Culpan,10/19/1964,728241.32,10,1a3370db-583e-411e-923d-5996ab5ddff6
Salmon Foster-Smith,12/08/1997,462138.12,1,726a1f91-a0d4-424a-b188-4ad919fb02b0
Terrye Dowzell,05/11/1982,355436.4,59,2ced7dc9-94cf-4eab-a418-31263b53e983
Edgard O' Markey,03/18/1988,552293.65,54,8e3d3290-ca16-4de2-b936-0f43991906fd
Vittorio Rubenchik,03/11/1976,189212.95,55,30b6d38c-8c0a-4935-9c37-f69ba14ea27f
Dominga Isworth,09/04/1991,542754.37,5,02b21aa2-88cf-485d-aa04-d4c6b9d44c1d
Tanhya Blaschek,02/04/1990,789377.02,24,e5c7aaec-d04b-4112-940b-e7b8b322994f
Jaquenette Minkin,09/30/1999,591422.68,9,426454ff-fc3d-4b7f-a128-4c0a75d1a982
Karel Motton,04/23/1967,862384.74,21,900220e1-bd89-4216-9eec-f5db66c27efc
Ainsley Domico,01/12/1979,610606.0,16,03bc1981-922b-4c1c-811c-e042d63944a8
Yulma Laver,05/14/1976,722705.35,21,c20f4767-1dd3-4c26-924f-64dd92fdd2b4
Lewiss Sprionghall,10/22/1952,898409.64,4,2c91438e-cf2a-411f-b312-adbefed24246
Louie Winser,11/18/1996,156598.81,32,4660372d-df93-4420-ade2-05758b1eedcd
Ester Tuck,06/08/1989,884007.96,50,ec3b389f-c9fe-4bd2-9992-226def343f8d
Silvanus Woolcocks,06/23/1958,860431.26,44,03d3d9c7-a182-4e70-8015-209171136ebf
Terrence Daout,03/13/1999,872500.93,33,23baeca5-4de6-4210-b3b9-1d6663fc0aa2
Inga Parsand,05/30/1957,180307.73,6,63853e7a-d814-47bc-9d73-615896e11310
Piper Tejada,01/19/1993,31467.96,54,7f71031d-5995-4997-b170-ace04b8492fb
Ricky Hutcheons,06/18/1963,676372.5,15,818cdd5d-b0ec-4785-9d20-cd55977eb5b3
Dew Fyfe,05/08/1995,296986.25,19,2bf2d355-05dd-4db1-bcae-3e1f7df40e67
Elka Berney,08/14/1966,835451.95,41,78ded94f-83c2-4687-9912-9a15154da730
Darrelle Balloch,01/31/1989,437143.74,50,b0ef1e80-2e4d-4cf4-a485-55894d14a88b
Domingo Butrimovich,03/01/1972,851811.97,20,07944e8a-7460-4223-a94c-f355055b30cb
Koral Bruffell,05/23/1972,376664.91,40,070ad605-f1f1-4624-b023-272c5f5d0fcc
Gwenore Kille,12/31/1990,100844.58,21,d311a3b2-1792-42fd-a3bb-32217618aa97
Zea Kunisch,06/15/1979,768001.42,56,5698bf44-b297-4457-b4f5-94144e087915
Mei MacNeish,03/03/1975,315331.79,46,75f298ee-d4d6-48b4-b3b9-1909d740e879
Carolin Rapp,09/15/1975,398277.14,57,91f95c88-7564-4bd2-ba92-553522e4205c
Heinrik Chapelhow,09/24/1965,42538.29,34,60e487e7-7a6f-419f-912e-f7d2d5bec1d8
Pepi Charrette,08/30/1981,913813.08,34,ba5ea976-0d6a-43bd-8a97-617872b57b15
Nicolea Gladdis,02/16/1964,442457.28,48,8066b063-8db2-4f26-8d16-65e6d0bfbae2
Isadore Tapson,05/28/1965,607458.0,32,d4bfa525-129d-4920-9d8e-a29d145b342f
Harley Breawood,11/22/1959,979891.68,31,60d0d290-a4d2-4690-bc68-ab23f6785319
Tyler Grealy,12/13/1972,967892.32,54,52386f76-e264-456e-bdf2-2d860e8117e3
Ingeberg McInally,02/18/1967,827325.81,36,8e317fc8-b60c-4c8a-8b9f-d3cb8e5829dd
Aylmar Escala,02/16/1996,659088.22,2,6a68193d-89ca-4ea0-90c6-1b34e6ac370f
Willie Pakes,01/15/1998,92515.46,11,3471afc7-0f95-457b-9033-d1903566434d
Ellis Ince,05/19/1961,942446.62,53,26d46d42-cd49-492e-b692-e2bb3bfd6fe6
Calla Handmore,08/19/1979,698104.0,29,81894e85-480e-47b9-9dd9-5a6a31fa2e25
Arnuad Durham,08/15/1984,759958.82,23,b0600c38-de36-499d-b2a8-d27dd021e933
Rhianon Rockliffe,09/15/1962,275823.17,14,d67a49a7-939c-492e-ba42-24d3760ace2a
Sheridan Baus,12/15/1959,538675.75,4,d19463f6-aafc-45d8-976e-f5bcee1ad399
Krystle McCuthais,05/06/1964,802798.71,7,f7765296-bc42-4254-8936-94af7befecd0
Brock Schwandner,11/07/1973,360841.36,31,f6c21cca-b932-4128-8192-a9401b0e2ac4
Kylie Filchagin,10/06/1957,241508.65,5,b7303cb1-6a2c-4c5f-a7a5-ddf51be6d2c8
Rodney Poutress,04/25/1967,292873.98,4,f59401f2-e392-4474-bf44-d4bc7425ca9e
Laurel Muzzini,12/06/1973,878744.93,10,51a527e3-42ed-4f56-a723-3c654e04108f
Kanya Roller,08/07/1994,404545.24,23,0c04481f-ed78-4d0c-9106-287a260d2ce0
Joan Martinovsky,01/13/1987,277332.12,47,ac608d07-d609-4edc-9da8-562d1daa9bce
Ursala Teall,09/27/1971,116853.04,25,6f64a517-ef29-4aa2-b5e8-70ca0292a672
Gabey Natwick,09/25/2001,652563.02,25,90502694-f9db-4388-8d8e-ca6c6d5a58b4
Pate Hazeldean,04/18/1996,51999.81,52,4878205d-f7c9-46c3-a0f5-6de0a94091ef
Garth Plant,03/22/1992,340354.24,22,2930f1a7-023d-425e-b1b3-b8015b67c7c4
Nikita Ruff,10/12/1951,745003.5,59,570fe8d5-6a86-4e58-b50a-cd0c15e19d1a
Fraser Pierucci,07/25/1970,804989.08,13,b00f161f-b1a9-4c99-a6ee-07bdf6184296
Merl Chave,12/25/1995,217097.36,52,01850665-df11-40b9-a1c2-5b9dd15ac102
Robers Snassell,12/06/1961,803849.58,45,9e4720d1-86dd-4415-a9ab-94704e9dd593
Sidoney Tedder,07/10/1999,636816.13,4,a6e8166d-0a1c-4f0a-b6e1-567608271ae3
Andrea Mottram,12/07/1966,46884.77,8,9b0d31dc-1037-4e9d-87b3-8a1e1c4c7407
Niki Deinhardt,01/23/1972,67661.04,4,02002cff-9069-443f-8de1-3a111386e141
Pryce Dellenbrook,10/23/1973,102725.16,34,2d574dbd-3bfc-40e4-ba42-76118e1d176d
Geoff Leyrroyd,06/20/1984,979266.07,38,04f9832c-2489-44f1-9550-88396e3f77cb
Rozanna Swyndley,09/03/1977,629466.57,29,e5a434f5-614f-4171-9520-1a6cb21dadbc
Karlotte Russon,11/13/1958,436648.53,54,63c6035e-d4f0-4888-b128-7066b26523c7
Davita Balstone,10/02/1987,905194.23,32,f842d40a-1c4a-4d48-b1bb-efb4effb6f62
Alexandrina Spicer,10/25/1978,343438.68,30,c1c59a1f-bfd5-4d52-974a-e59ae5573cc6
Missie Crispe,01/04/1951,517011.87,9,903d3d07-2841-442d-8763-779c90bb3fb0
Rebeka Tollfree,09/28/1965,470868.87,38,68d7f60c-92bd-46ea-9641-ae8d0e0484ab
Nonah Morforth,05/26/1975,754041.36,35,eeb7dfa6-c993-4743-9b71-df7a0a5233ae
Val De Vere,07/21/1974,802946.19,17,e317d701-0079-445a-9ff9-fa46c682f1d2
Garrek Riddlesden,08/15/1962,925262.15,38,ceba8c77-a565-40c8-a86d-b87add82eb5d
York Treuge,08/16/1997,621250.27,9,eefc06cc-891d-41b1-b41e-b9c75d5490dc
Tedi Havis,11/22/1964,842631.3,47,1dcd9644-c67e-42f7-bdab-8cab785cb2e2
Jacinda O'Dulchonta,04/14/1976,3296.48,59,24853e1e-7731-4690-895a-ae102b540ffe
Ulick Maple,10/22/1994,206793.46,25,992715a1-a9fb-4dad-939d-cb435f1f6bfc
Pren Wickendon,02/11/1979,422043.76,27,97375bd2-f33c-43dc-99f2-09cf854803ea
Neale Mullins,06/04/1993,176986.54,24,7f4e8e97-8596-44df-b3d2-4707091951fa
Gallard Solon,08/04/1964,697781.64,8,25f10b89-48d5-4d75-bca2-c0c972a50518
Ellen Hosby,10/07/1980,480510.47,13,0844b886-a47a-4513-9f4e-c521d61bc2f9
Barri Guarin,10/27/1951,859851.43,36,6828be63-4cc8-49f9-9da3-72d0a6dda608
Paco Gresham,01/14/1966,540206.73,19,58c087f1-cc15-4aff-b864-e311e72de5ae
Ripley Rickersy,01/17/1992,632606.83,13,c1f59b10-4290-4627-8044-b1109c38b4cb
Pinchas Treat,11/25/1986,207969.85,35,fff0e8fb-e30f-4ef9-ad53-61b9259144fc
Josi Sandaver,03/17/1978,342087.67,29,f20d8aa7-6fb7-4d45-917a-b713b248d807
Abeu Colebeck,03/08/1963,860738.77,18,89857235-2053-4948-ba6d-79bcdbc0a97d
Willie Ciementini,01/05/1989,683697.75,6,4caadc46-b647-47f8-af50-f0f2c4e08fab
Dallon Gurg,05/15/1960,593641.06,43,39d6e27d-6a28-451c-8598-79ace4a4dc6a
Frazer Champneys,09/14/1983,87027.64,26,b1838c64-8091-4fa2-af66-05408cc2d5b0
Bertrando Puckring,02/21/1964,548274.67,7,a397c3ea-f267-49fa-8882-2fbca629b1a8
Lilyan Wrightem,05/29/1995,35330.81,38,33e42643-1b76-4a06-add3-faa5f640958c
Mile Oliveira,06/29/1963,721860.0,32,fefe4d2c-8b89-4b58-9cd7-b3003b205bad
Alf Beirne,08/11/1959,788607.8,57,88d0e206-3b6c-4d99-afff-464748117ff6
Marketa McLinden,08/21/1994,206772.29,24,0c3d0538-6a97-4896-a041-96508101b13b
Denny Pods,01/06/1973,513994.0,53,d1a4adf7-1569-47bd-9892-60a970ba0ae3
Benoit Gwynn,11/27/1979,250381.04,11,75c897a2-16d1-4c6d-a03c-fcbd96ba0130
Isidora Biaggi,10/08/1998,482212.12,45,7b85f40e-4bcd-450f-8101-bbf8bd656a15
Aldo Chalfont,07/30/1955,385628.12,14,81720ee7-7e3b-4288-8514-b23c22237986
Danya Bladesmith,06/06/1954,962953.96,34,ecd75379-f478-41fa-bc41-587ecf3ac2cf
Kassey Luffman,08/18/1955,924756.05,43,86ccdff0-e4a5-41b1-845a-f6310c5ff0a0
Jasun McNirlan,12/15/1995,665482.68,59,d1fef27d-4ade-47cd-8ca4-6a842d6b4059
Sherwynd Iacovozzo,12/20/1990,638031.08,1,62eedf4a-cbc1-486c-9918-b392ec125da2
Ludovika Skaife,05/02/1960,644001.64,34,2402f747-a02c-4a98-aaf5-ee450a0913e5
Orella Blanchet,03/11/1999,488124.39,25,de5e9ed1-00ae-4108-afba-1e5dcd83ad23
Dorene Gwilym,02/22/1966,198463.39,41,0343f114-b782-4832-b9b6-c87e97d230b5
Granny Kwietek,03/03/1952,605965.71,40,c970d6b1-2292-44e7-a37f-e12a41f5ef6a
Lorenzo Rice,01/19/1985,713369.9,11,bc8a185a-c56d-41e5-a0d4-32f0091322ec
Ezmeralda Sheard,09/10/1997,952546.27,35,a2537fef-4fae-44ff-b1e6-7dd1913998d7
Drusy Keaveny,12/05/1998,357731.04,14,a527dbce-1bf9-4107-91ab-2b0d56699f13
Giacomo Eastbrook,01/21/1961,385546.06,36,adcae2bb-6053-4070-9193-7f01e5af15ba
Aaron Miko,04/10/1971,931087.19,27,0161b7f8-b91e-4db7-9dcb-1d24a425c381
Tootsie Hawtry,10/21/1994,175468.05,24,163a1ffe-697f-4f8e-8b48-037684c44632
Jule Boog,04/26/1997,315409.21,18,daf556a5-e176-41e4-8705-2876e44c900f
Winnifred Boxe,04/25/1957,32933.06,14,ebddda03-1b2a-490f-9f3f-22e1aab89980
Constantine Diggens,03/18/1960,489530.21,54,f5dbb85b-0e9d-4cc9-b96a-f8db72fa2096
Corrinne Archdeacon,07/23/1983,832990.64,41,0c908384-5b1a-4ca5-a504-5c7844f43711
Jocko Graith,12/16/1993,168578.22,27,39d8e86d-5c59-4776-8862-57b718eaa4cd
Kirsti Idle,05/04/1981,300858.82,28,0c3efdff-4d32-4895-b1da-3dbc52492516
Florida Stothart,06/14/1984,572610.47,43,42717bb4-4444-4df1-b6be-8b791ec5d407
Alaster Stockill,05/30/1989,593584.4,45,6c13120b-bd3f-4a5b-9232-5672ad371b72
Caron Hiddsley,10/04/1970,115268.28,17,d5612f46-abf7-444e-9cac-b717eff26dc9
Bogart Bilbrey,12/09/1965,760474.46,41,1102d865-abc8-437a-a96f-38d92b222624
Kynthia Leipold,06/08/1989,103324.34,17,1792e0da-bc0d-4fce-9e61-f8dec5dc4b34
Roman Freak,10/21/1979,583468.59,7,b7e4ac13-1ab4-46c3-93c8-b3fa0c951c96
Flori Hayne,07/08/1956,935742.24,8,3dc084c8-206b-4639-8c4d-b935b4fd918d
Corenda Kedwell,09/12/1954,581275.04,54,f77c66aa-b1c1-449e-9239-6c4bb68639fc
Corrianne Elmhurst,05/27/1975,292798.46,39,bb8d6e5a-0d9a-4d3b-8abe-bfd4ce109fef
Honey Levick,02/18/1990,785464.43,2,64e2d5ec-0574-4339-b17f-e8e58438078c
Ceciley Edgeson,07/05/1974,1125.85,35,0ecddc91-4c9b-4ed1-9761-befdb880afa7
Julie Bohea,03/17/1981,278757.68,53,6aec2435-13db-42db-86da-4475a3295e88
Mag Bello,12/09/1966,232281.84,33,ef718290-efba-4bfc-9271-0ab26d325644
Birch Itzakovitz,01/08/1990,428719.12,38,45df5789-6116-4c53-a547-19b3365f15b2
Emery McGowan,07/08/1992,759300.88,45,d2ade7cc-d65d-4794-a935-7c9ee8e94867
Standford Tregent,02/21/1980,762440.13,44,7d7d552d-b5ea-43fc-8712-926a6d84949a
Nichol Hunnybun,08/01/1982,458633.01,22,d7834fa6-0589-4331-887d-2e8a78e3cac4
Fanni Battelle,10/13/1951,967093.04,43,05a49395-53fb-4b86-9095-7e53cdcdd288
Whitney Laborde,04/26/1965,137239.4,26,e2e0c18f-df09-42ab-adee-09115c01f91c
Gigi Eadon,07/10/1969,186431.64,2,3cdcc67d-917d-4b1a-a785-f22e46be4974
Susie Gosby,07/16/1985,351786.36,2,62fc1463-9aa7-4946-aa0c-a842f8dd211d
Beatrice Wilcocke,01/06/1986,867056.91,51,de930b9a-16c7-49df-b3ab-24ce4703df2a
