Tami Bercevelo,11/27/1965,247137.08,21,10f3a284-c552-4c9c-b043-666cc4d0319c
Raimund Hayley,04/19/1984,275490.58,57,8aba7ae5-d852-4154-a130-493a74198e81
Shirl Bewlay,07/09/1992,740390.61,27,581a4a41-10df-4ec6-8f68-fa71d4105ad2
Lillian Rack,02/12/1954,253293.73,9,646c343a-dc68-4367-91a6-3fdba2675b4d
Nicko Millyard,04/19/1978,173167.75,46,92087cac-5ace-4d64-855f-bea76fd6eda3
Kayle Cisar,03/25/1972,78999.93,48,a3d7be87-80cb-4004-99e4-b71273b63681
Roana Sapson,07/14/1977,207386.31,15,b5b4903d-3066-4271-97b9-dfcf7dd6c5c6
Edgardo Brandenberg,05/15/1971,954269.15,50,0891b8c3-e8d8-4aef-91a3-1953f58a0492
Dewitt McMahon,10/07/1997,612924.78,22,88a2c3e1-d05b-43f5-9572-8e99b42d9a98
Edouard Blackborow,12/08/1977,43773.1,34,bf314831-a837-4d6e-9659-bf95ccad288a
Lyndel Allabush,11/02/1985,385619.97,32,dc8dfcb7-44b4-4321-bae5-ca03d5cbd77b
Sunny Leades,09/07/1991,779635.98,7,269b1ac5-49c9-46ef-9438-3b31827118ac
Marten Broseman,12/05/1991,692417.41,19,663314c0-1ca1-4b6d-b0e8-b44e099bc4f7
Dante Sinnott,11/12/1960,518826.51,53,c75b390e-50fa-416e-859d-01f3fabef7bd
Zorana Cradey,10/08/1989,552999.02,30,1c137c6c-763b-411d-b527-d56fac9828b6
Bibbie Heathcott,06/25/1986,770430.78,26,d4c4a187-c6ec-4cd6-8040-d02f8f8d4994
Heindrick Ibarra,08/01/1960,306531.63,39,34bd9c93-5b5b-4201-88c0-4b79b42da6f2
Indira Craig,04/26/1971,315337.7,32,8be62c4f-e99c-4f95-a7b5-b31676476bd1
Lanae Jardein,10/28/1987,73477.9,38,96f160a7-f015-4114-a50c-341dd42da36d
Lianne Braniff,11/10/1987,788118.83,24,0caed9e1-94c9-4b5a-8888-900b1bb73786
Clare Feldberg,01/24/1996,758361.71,7,4a51d0fe-af08-4bfa-935c-0ebd65c3d853
Mackenzie Ausher,02/11/1965,676903.0,35,958602ab-d9db-4656-9a4b-950a35606c1c
Wendy Kehoe,07/24/1999,765030.75,2,ef95df96-9ee7-4a94-9e9f-8ac1712f1e3f
Glori Stubbs,06/22/1972,357735.51,24,fd5e893c-aed2-4322-948d-fe12645700ca
Garnette Doerr,08/04/1962,916194.28,54,ef374e21-5462-4bce-8230-56f93efd49f9
Clari Franceschelli,02/28/1992,597477.15,25,1c98d4e0-7b7b-4a4b-b1da-9536ca476340
Evan Castell,04/15/1972,494539.57,2,e602051c-9733-458c-9917-80636b1677f3
Samantha Kanwell,06/29/1957,107915.04,52,b2f3149f-8d0a-4f08-bf8e-1bb0dcc2c2ca
Russell Lyngsted,06/23/2000,232435.56,48,537465ba-b181-44b2-a5bd-57c2c80f6889
Branden O'Cleary,11/05/1978,394758.21,25,747a628d-ac07-403e-a20b-85b3b960de5f
Jedidiah Ridesdale,07/03/1966,722203.39,53,cc8d47d6-a945-42e5-859d-f4df5bae37c7
Shandra Wickersley,12/31/1974,987488.06,41,955351af-cb44-4f8c-b0ed-7a24bc986dc9
Thia Sanham,05/02/1998,516114.2,19,7af9dd90-ca3c-4218-bfd1-bb0725a0226b
Dru Stevings,08/11/1958,315390.93,38,7460d4a6-7109-473d-90b4-fbb5ef872877
Alistair Cattell,09/22/1962,726865.23,59,a8694e72-92ea-4c76-a691-1ead6b31f4d2
Gayle Hastie,05/15/1972,5664.42,39,55464024-10da-423f-b69b-940713ddbbfd
Tito Armatidge,07/05/1977,560954.51,18,bf54bdc8-12dd-47b6-9a50-88f92ae42e8f
Harriette Surpliss,03/12/1973,900609.27,12,2aa7075e-1814-4ebf-bdb3-2a55c5f532ee
Sam McDirmid,09/13/1991,743289.51,33,55ee4652-3222-47fa-80a3-e928aa9a034d
Leland Ingrey,06/23/1979,61263.28,41,419fc783-8735-41ad-b466-d29a1c3c49b1
Natassia Sleeman,07/10/1981,888306.49,56,d0381bc7-b048-48cd-ba83-ec3da1def01f
Gabriello Mallinar,05/26/1979,490227.46,60,6a154f74-53ef-4d65-92d9-862e92179a73
Libbi Goseling,07/31/1970,588702.75,54,0cc0db83-3207-4077-9167-8a6624376489
Codi Peidro,11/06/1995,45943.19,49,93fc47fd-6d5c-4c93-a961-f926dd2f629c
Lind Trimmell,01/22/1984,828046.5,4,90bfbc2d-c5d5-4cb7-9124-58b90db13ca9
Ag Haken,11/05/1981,425969.8,57,4ea55ff9-d634-48f2-8e62-bec47fa0b8f9
Emyle Bradburne,07/18/1970,167272.46,39,385b4537-2e1a-45d2-a492-92100b3685b7
Timoteo Tweddell,07/07/1982,361760.84,19,2cdc812a-4c3f-4cbc-9ed8-dbd4b9a98487
Kurtis Kimberley,08/15/1965,35739.99,26,61bfaff3-6469-49d2-bac7-809571772ca1
Charin Westlake,08/29/1993,949593.55,34,d4614f72-652b-4fc6-8db5-f9c5db83d0db
Jodi Pothecary,05/13/1964,219551.48,21,3bfcf08f-53b9-4eb1-9c04-a240baa69467
Odella Hume,05/13/1971,960443.72,29,58d5c52e-f85b-44e0-a699-59bdb3c4b999
Barris Bratton,10/31/1962,854142.99,45,657b4e74-73cc-4afd-a9f9-db39ce408df4
Fredric Buscombe,06/13/1996,945187.18,41,9e3e2620-f312-473b-9319-f150b3726894
Mommy Yeude,02/05/1974,19944.85,12,613a1da9-b6cf-4468-9d32-06bface3e01e
Dell Broseman,09/26/1973,533025.08,19,02e58a37-5368-48fc-95e1-a552c3874382
Gus Lebrun,04/22/1963,235664.71,14,e539870f-b26b-4ccd-9989-de3af4eddf72
Eada Furmenger,07/16/1967,187031.74,56,32ce955a-f0aa-418d-9d75-84ead94e4d02
Elisabet Gainsboro,12/22/1974,691052.31,1,e5df030c-923f-48c0-a6da-04d89803c77f
Aharon Carthew,09/06/1969,891842.49,9,51b018c9-a8cc-4f89-a3fc-ca6e9b8c498c
Kristi Casino,12/24/1990,813386.32,39,fe169554-b371-4a56-aa55-840cd5b86e7e
Barrie Hutchason,04/09/1997,998815.76,10,2274650f-0107-4732-94b5-1b0346930926
Ferdinand Jallin,11/08/1976,231018.18,26,baf5bc91-2a98-423a-9cbc-65b4d024094f
Madison Semiras,02/27/2000,273496.61,54,cd81285f-ee8a-420b-89b7-bf43a7756755
Joscelin Besse,02/07/1988,378989.73,59,110235e8-e878-4336-94a1-f1a11baa6df0
Una Mollindinia,06/11/1951,926373.42,43,fcc3b4c9-95ed-42a0-9011-5adb59e9bf1f
Nedi Hassewell,04/24/1953,913952.06,37,b9a003a8-b7e7-4254-ba17-a1b0d41481b9
Gustaf Maccaig,04/27/1979,700908.66,15,f0797c24-8e6a-4c68-8589-a33fb10ca80b
Sonnnie McGready,09/26/1961,271354.04,55,d3329adc-c8d9-4118-a204-c50d881ad9ec
Dennie Bulcock,10/02/1972,98780.31,12,50eb33ed-ec61-42ea-8966-81a27a577d30
Peirce Gammett,06/13/1965,742216.46,9,b9ac4992-7386-476a-82bc-9a96bdaa082e
Valentijn De la Zenne,05/27/1998,149340.0,8,73c34c3e-c6a8-4405-ac60-8450b65da636
Eveleen Farr,05/20/1994,622364.32,9,445b00fa-4acd-4c7e-ad38-5a99eb5cf6af
Elberta Bille,08/02/1991,168806.56,56,a531e9b0-f918-4ad5-a0c2-3f18e4876e72
Durward Hanigan,09/03/1952,490697.38,3,ad048f80-82de-4db3-b9c2-0e4e2d6b4a86
Rodolph Cary,01/26/1999,895347.77,3,153ae2e8-a306-4488-8dbe-19943246741a
Melissa Hamby,05/15/1984,53616.49,4,c39006f1-49b8-4d8a-863b-a8c2e4bf1f13
Ellene Haglinton,11/25/1973,84918.24,19,55c07b3e-db19-4c12-a451-c299f6c402e7
Roch Linden,10/29/1989,970680.9,45,4e7611df-9590-46d7-b0d1-4958c8ffba05
Isak Patis,03/27/1988,540527.79,5,60d7bcdf-5dca-411c-a04d-b67ce5f04044
Chloette Storms,10/18/1959,325655.78,18,b6d88a70-52bd-4864-9c3d-066812017b71
Fran Scatchard,03/25/1987,802760.19,3,76611b4d-c941-4b11-b92b-b93abfb877c5
Peter Heustice,08/13/1983,542595.2,1,2154142c-39e4-478a-9339-72ebe5416a41
Thomasina Tallent,10/23/1968,432779.84,27,3302c1d4-81e6-4e69-9283-95ce2ab38eda
Marnie Matokhnin,05/05/1984,848799.14,31,48d0b1d4-0e76-491d-96d5-6113d49470eb
Gabrielle Seath,12/14/1985,512824.47,44,fa8ac454-5590-4d2c-b97f-c399bd194c87
Wallie Itzcak,04/08/1998,940294.08,35,57633ca5-ca45-4a0f-b8ad-3a0b0a4f92fd
Elladine Breslau,11/23/1974,901081.22,14,b1014f45-d196-4a2a-828b-0a422cfe158b
Sammy MacKay,02/23/1972,329660.77,58,acb000cc-0f34-4e34-a724-c13ecd42ca2c
Addie Simson,03/22/1974,846725.2,47,65e3e0ef-55b9-4ed2-8128-6570fa49bc5e
Humfrid Kiloh,10/25/1991,713021.0,34,1a81ac17-9a01-46eb-815b-6774713569e6
Gwendolyn Sisnett,02/14/1999,620102.28,1,100a1018-af0c-48d2-a48a-c5281772185d
Saxon Rolfi,04/07/1990,404516.3,5,67d1a6dc-be2c-4a70-ab3e-8bd029996b4a
Elnore Hardson,10/25/1968,786027.06,3,7e696a0f-09f4-4091-9a75-e2ce7f649da9
Germaine Klambt,02/15/1967,626926.65,34,ad256866-f6fa-4a6d-ae28-dc17f9ea0044
Idaline Ruddom,12/31/1982,123767.31,26,74e4ac30-599c-4ec8-b635-0a875ea6c186
Pamella Mathieu,12/14/1963,480049.89,57,e1754c6f-5e64-435f-8296-6ca1203e43bc
Trenna Brugmann,11/06/1986,86550.68,19,6f29d2ef-b007-4c88-bb39-6f2156965a73
Karina Rawet,08/27/1975,421413.0,47,6d0890e8-17c9-4d65-b2c5-7b46859eae52
Quinton Keedy,07/19/1985,5314.55,32,eb20476c-981e-44a7-b630-b8cdcae2adcd
Nester Firbank,08/23/1997,603712.58,28,cd3a5e31-8296-4d3a-8b8b-780e2ece0ca3
Jacquie Marcos,06/01/1974,985578.22,57,351c2dec-cfdf-4a8d-9ed6-a59c13d4a0c8
Angelle Glantz,01/04/1982,300740.7,32,fefbe28c-1fe5-4134-8d60-036d7c93ded9
Jade Kembrey,03/07/2001,391031.13,3,bb354db4-6c23-4df6-b862-c1a42910e027
Cal Amori,08/30/1954,743607.72,43,fea77cee-cb81-4ecb-9c0c-aa55476f6f67
Hunt Ballham,07/13/1999,688774.31,48,63fede63-cf1d-4ea3-92f0-6e1dedf30970
Babbie Bibby,01/16/1979,896902.0,3,da62c89b-27d3-4111-b9ef-9268ef9e49cc
Andee Hanbury-Brown,10/30/1980,851746.57,51,cfc0c061-7a52-41c1-bc25-b9c3dc3348f1
Rois Soal,06/07/1964,219491.64,52,4425f447-f3c3-4e97-8db0-b5818b115b4c
Egor Loveitt,09/02/1984,593414.61,28,57bfdfa3-7211-4c49-9c01-2f033c985e08
Gabriello Medcraft,04/26/1995,439815.46,22,ced2b1c1-d1b8-4746-a5e6-afc848b4a493
Kiele Mabbett,09/13/1988,964292.16,31,7af1a9c6-7c14-414f-b89f-8df2ba732cfe
Selinda Gerant,11/27/1962,218616.42,23,c64857c4-5543-4168-a1a3-966066327c23
Debbie Hollidge,07/23/1976,915909.21,7,009ce2a4-5640-4699-9ab1-06715e0ae9c1
Konstanze Sparry,08/11/1994,23266.97,56,0156b6ce-1b59-4208-b378-0c58818805e2
Gilberte Sconce,05/20/1996,185563.19,54,dcc07a6b-b015-4aee-b385-09704d28e264
Lammond Well,12/07/1991,138862.78,19,6f0281da-d52e-4697-b5ea-cb43cab50b62
Gray Dorset,10/02/1994,882793.44,53,41c8a4f8-6221-402e-9157-f1443a472fae
Ximenez Argue,07/27/1954,11381.94,24,c199a433-3cd1-4091-bc22-50b80cf1e14f
Arlina Ellams,06/18/1980,705002.62,33,6f2675b9-230a-4c06-89f5-0d3c084ae0bb
Jacky Cud,02/28/1968,325094.01,21,9fc268ba-e685-4671-b941-95526684fec2
Olivie Rodbourne,10/23/1975,742311.79,37,a87f7fbe-b449-4dd9-9ddb-e1f08e2834a7
Lexy Balasin,08/11/1967,297025.01,44,ef708889-80b2-4940-a3d8-f0cd4ed76732
Lynnett Glison,06/04/1954,48455.25,22,9be31d4c-53ec-4647-ba1d-65bee18436f1
Francesco Brimmacombe,07/15/1966,862100.57,29,e4594f9d-9e8e-4e77-ba10-748e35b88d96
Ermanno Chastelain,08/23/1975,281908.3,10,7cc674ef-7726-48d8-9449-c9c4496082a1
Ode Airs,01/31/1990,193305.67,33,2d41c253-007b-4092-b138-2368f9b07d22
Moreen Sappell,03/09/1975,546878.09,27,c0669ed9-72da-4885-8d14-af27314ee32d
Amalita Urwen,04/02/1953,491172.27,23,a56dfae5-5204-478e-89ff-81095d846bc5
Stesha Spykins,10/25/1964,178850.83,12,2dbd3bdd-6c7e-4eb3-bfe1-7af7dcef83bd
Yovonnda Willoughway,09/24/1989,328002.16,30,efd681c6-ee64-4077-b6ee-30f5508d3d82
Gianna Flecknell,12/23/1974,311849.42,27,e46dadb3-21c0-4fdf-88af-e6b283bbb804
Tyson Ruprechter,01/18/2000,578433.21,5,be486ccc-27d6-4968-8efc-db52e1866c0f
Adi Grealey,10/06/1981,956741.3,56,61877d1e-9656-4b61-94c3-61de37e56544
Bil Meachem,05/26/1974,432714.05,44,d35cafbc-df06-4422-a752-a6eb950bddc5
Martita Rosenauer,10/13/1987,199322.39,13,910e2b9f-3328-4da9-a4ba-40a96977e230
Rafael Mattingly,12/24/1997,430819.88,30,f758a7d1-cce8-4f65-8d54-003a270e5e5f
Yehudi Boswell,07/21/1997,574506.1,31,84582bc5-e09a-44c7-bd90-5ec0b6ea21b9
Dominga Bakhrushkin,05/11/1952,662360.12,44,5206f895-5ee5-4f4a-93e5-e690f4dca2dd
Tory Danniell,09/03/1961,870623.29,32,70e9f402-b003-4a34-9a71-8101a4728e44
Lottie Mendonca,05/19/1986,513844.56,5,0f0f0e38-29ee-4977-84a4-6a3ded2e7774
Marleen MacCarter,12/31/1987,704242.69,7,0820fc87-7437-4d03-a9d4-9a908f10b868
Blithe Jammes,03/22/1997,954878.74,19,4ef6a39f-7402-4a60-aad5-861bbef68e51
Reade Tukesby,02/10/1957,114651.16,58,4fefb444-ce1f-4a52-9b20-6d9b9e173e77
Stanislaus Dielhenn,02/11/1965,519150.99,50,42889e09-b0f3-4f79-b0d1-ece5206c36f3
Albie Bum,12/31/1968,694674.66,54,65567c07-52f7-43d4-93c1-93379b50239e
Lilias Litster,09/03/1965,958669.99,37,083d5884-1b2d-47d5-9cbb-867b9cb5064a
Doro Durante,01/28/1959,461987.13,56,fecbafde-f156-4978-90b1-a2f835ac875d
Barnebas Stuck,01/09/1979,522435.96,41,b80027e7-5b94-4c7f-a44f-f035e7aa7fc5
Artur Bitterton,11/18/1961,124868.69,16,717f84f4-9640-4369-a7dc-a17e810dd3b7
Marni Ribey,03/25/1996,604393.58,12,4e822199-cfe5-4504-b9fb-2df5e1a55a3d
Donaugh Habbema,02/03/1985,129492.82,35,54587988-74c9-44d4-bb20-fd4c3edbf120
Salomo Rowena,08/11/2001,9545.49,39,1d53bedf-4f04-473a-b31c-9efc5eed8080
Ellette Corrie,10/18/1991,916207.92,12,396922b1-40f3-4422-96d5-7124924122e6
Jessie Ridolfo,06/13/1988,382991.31,18,1bdf01fc-8d1f-4edb-9dfe-486b34af3bf2
Kirbee Extence,12/13/1964,272248.86,19,627cc09e-cb4f-47e4-bc71-8787bcc2547f
Aurora Harrington,10/24/1971,653440.63,32,b7d9a32b-41a6-4424-9682-6cbbbdf083ff
Helenka Breakspear,09/10/1963,172279.1,55,1b43c7d0-7d8c-443b-ad42-30af83fc4937
Angil Hartman,07/02/1975,205513.58,34,a8994d5e-3da9-4209-b38b-b0db03e4a7ed
Godard Really,09/10/1975,911607.2,9,60711138-bfb9-4c78-bd99-6957c924efed
Hadleigh Boanas,12/26/1997,907693.54,49,0da2ebfe-4bd6-462b-978a-98ed68acd0b2
Darline Boole,10/17/1956,747840.75,24,2970b9e1-4564-4c8d-9431-1487fa750117
Genni Castanos,10/07/1985,313915.81,50,2605f457-9bc8-4d67-80a7-712119383b1d
Benedicto Scamaden,08/06/1969,183285.57,15,f966d803-0c06-47f8-ba28-ebef738b6810
Hilary Philippe,10/01/1996,610392.53,43,d8ef46e0-6c93-4e15-992f-3b44d1999c6d
Jesse Donneely,06/02/1987,558995.1,9,8f976270-bf21-4e18-ab1a-116b588137df
Mireielle Jennaway,07/30/1955,958357.91,6,b4806087-1267-4050-a7b7-42d6b537a263
Traci Erlam,12/14/1993,428873.29,2,8f7a3993-3d1e-4cf2-a456-55c9a86795e8
Ellen Donnett,06/08/1989,116679.61,18,b748f790-876d-4b94-84b0-465673b932a9
Pierrette Garmans,04/11/1997,929359.0,42,9079ddcf-c426-42b1-9ad3-b523cf48e0f4
Carly Cowerd,11/01/1961,426592.18,2,a820a648-1902-4d4d-9fcc-532204dccae6
Lothaire Gaudin,12/17/1959,557186.81,4,65ac59fa-9450-40af-bee3-177174d99f36
Arin Poulsum,11/18/1980,727651.99,20,a54d597b-e4ab-4532-af5a-226a7aa99ce2
Joli Sazio,09/16/1957,557438.13,24,9ba82233-5fee-413e-8119-5758c00cc7e6
Izak Sales,07/20/1968,537539.47,5,d0ef4888-2153-4a06-b3fc-db6cfef57bdf
Erhard Wyrall,04/15/1964,959491.25,46,54e29a8d-9e32-43d0-9f60-758d492ae7e8
Datha Tabourier,11/04/1952,326809.66,23,21f06e67-8a3c-4380-9e0a-2a36c4e10a57
Megen Fortoun,12/22/1965,883722.76,30,d2f8ece3-1f1f-456e-b7a3-500135fb2bc6
Dotti Szymoni,07/01/1989,887895.35,39,3a018ae8-e6ec-42c8-8ab9-f2d58a8422fa
Rockie Zorro,06/20/2000,676119.69,28,2216089d-1c25-4d16-8d57-c1cc8388af4d
Emili Garett,07/06/1990,922051.0,23,88b072c3-3655-4a40-a288-d961853f9aaf
Roby Farlane,05/03/1966,973076.68,17,b5f9d68b-0995-42fa-afca-b80c63df0088
Tallia Meaden,08/23/1985,88445.71,8,2345e1c1-d6b8-48df-a546-95166d269b4d
Gib Wallsam,08/31/1964,233222.38,27,3d77081d-e3c1-4a9d-9c6c-0fc85e14183b
Inna McChruiter,06/01/1978,799198.18,11,7cb47740-b7f0-49c0-8958-edd73a47e8e0
Yolanthe Gentzsch,04/27/1967,244808.26,50,e47003ed-d139-41b6-8e17-a554f4465a38
Matilde Yashaev,02/21/1995,861040.0,55,153838ef-b118-4e2a-9add-ae927e6c09e2
Huey Lubman,09/06/1966,361546.7,16,17fb3ab6-5c5a-4c43-8a54-f919b99f241a
Katherine Pallesen,12/09/1954,72656.17,53,a4c09e8d-921c-4d07-82c8-67dc6fd1864e
Clayton Ruzicka,12/22/1963,303516.04,54,198d1e22-a75b-49bd-8b48-934623cb6b3c
Cullie Folli,01/11/1957,763988.46,46,3577b0f6-9266-4892-8faf-22cf97044d73
Hunter Zukierman,04/05/1967,652456.19,50,97f45290-4b1e-4f98-9e27-95accacdae12
Helaina Grouvel,01/31/1989,548529.92,43,be1e237f-d879-4539-99a9-13c970d269cb
Caesar Biggins,02/14/1956,629247.98,17,4612470a-b791-4f36-9bc2-a2a1f264b04a
Cathy Merck,08/21/1982,734706.88,41,95e99fa9-637e-45b8-9772-4ba5d1b5c0cd
Yoko Giacobilio,12/17/1984,955753.71,59,29724637-6c59-489d-95a1-0e36e6476cd7
Dominic Nerne,04/24/1981,114424.9,30,46050e4f-eef6-4765-9730-892bd56f285b
Salim Meehan,10/02/1972,363510.41,51,0f7e62c5-f44a-4594-9203-1dbf3cbfa53a
Joly Amer,10/22/1959,348499.77,9,2ea50ee3-a7fd-43a3-8c56-cc0de22b8277
Hollie Pyott,02/22/1982,217263.16,24,240fe347-386d-4f21-8e09-c04e3eee404c
Patin Gedge,03/10/1992,54529.33,28,a00166bf-c4fa-4103-a38d-f577546f883b
Selestina Highton,06/03/1972,286828.09,32,33864fd0-bcca-4883-af16-a908c87f3ce8
Beulah Brian,09/27/1995,603940.76,48,91e07465-38a4-489a-8269-438154581cac
Ariadne Barosch,10/06/1972,549895.5,7,2075edb4-f9f2-4c12-be40-8676b40e4fbf
Demetre Legh,01/04/1952,607416.64,42,edae0dd3-b7a2-4ec3-9e4e-6c7e3f50b814
Hilary Meak,05/25/1954,655369.48,60,d8b6ffdf-1ce2-4ee0-8e84-5c5d89c3b4ae
Laurel Rusk,07/22/1958,789376.33,29,ba56a318-dd7a-4d19-9578-9f27a46b9a31
Jeni Mundy,11/11/1996,419812.78,56,c505f1f5-7c16-421f-9729-621f751a7eef
Heda Tabourin,08/21/1953,248219.41,51,5cc9c069-af6b-46ff-9b78-8170f58d35b6
Britt Tight,11/12/1985,301259.19,12,0fbb742f-259a-4139-83f6-78f8f8b20d77
Rossy Plumtree,07/20/1956,490553.73,27,134e756e-a78a-444f-9d55-362097deb9d6
Davis Brandassi,11/16/1966,572617.29,41,4db0ed57-9be0-4498-b8e5-747cd0a525a3
Hartwell Tubbles,11/09/1979,60146.43,17,ee44f0cc-4ba2-407f-ab99-2f4d0b5cd19a
Vivian Spellward,11/25/1960,689773.48,4,bfe0813b-2bbf-483d-a891-b5b5edba6ac4
Brandais Capinetti,10/19/1985,231836.38,50,6cdebdd2-5ca0-4087-998c-6a1ec8e12c44
Daniel Lynskey,08/07/1996,361880.6,53,7ff7b4c9-dc75-4fac-a90a-1d7b313e0f96
Putnem Emmanuele,08/09/1954,831008.59,12,127d52fa-ec30-466b-be4f-dea9e3d58461
Harp Sanzio,09/22/2000,636062.87,52,4fd9ed64-6390-40f6-ba48-1cddb5581120
Ros Collett,07/10/1996,12133.92,56,792c8e11-b07d-4608-9fe6-56014003ee80
Bogart Slessor,03/22/1985,149009.06,45,c5c7f6ee-566b-49cc-a012-4662f9d9b8e0
Charley Blackeby,03/14/2001,247783.91,35,530f71cf-8219-49ac-be8e-65d3af966228
Humphrey Chaise,04/30/1996,512534.5,12,17206631-4040-46a5-a5da-a289b4aa8bf8
Anabel Ravilus,09/23/1968,860030.8,24,b21603be-b28d-4640-8779-7ba11178ea44
Teddy Bostick,09/08/1994,345097.82,59,1d84a874-6ef4-474c-8ae8-482be5ef57bc
Ferrel Mougeot,09/28/1953,627480.08,46,8eda80d9-206b-496e-919a-6ce4e8e22bfa
Frederique Reubens,03/22/2001,972237.02,1,89d3245b-c847-4d96-94df-4c8a382a90ab
Danette Scamadine,06/26/1957,758632.27,35,f146722a-a639-4042-bb78-bc49299fe959
Sanson Takle,05/25/1979,688677.18,54,29e0ad02-9d07-4a26-8edc-a45002e9efdd
Brynna Stickland,04/16/1996,590419.13,52,cb7df432-49ad-47cb-a41d-66ba0e87877d
Etan Harlow,06/07/1966,375896.23,57,f397b52f-d1c9-45af-a83d-7b59153ce8cf
Carmita Stichall,01/12/1998,703869.0,37,9b8a1f57-be22-471f-9c89-a680bddfe0ec
Pearl Moehle,03/26/1992,171140.06,1,cc11b524-5580-4efd-b607-2827661250da
Flory Rivitt,01/11/1991,139113.58,27,090d6061-9a23-474d-8e04-fc206e5328df
Mozelle Boyce,06/01/1973,853768.19,1,e3e555b1-ad78-455a-96cc-a70f80135ce0
Esra Jacob,04/23/1965,895260.37,53,4d075d25-e12a-4397-8cd7-7398a565c2a6
Edmon Ritchley,10/18/1981,342899.25,48,aa02057c-28cf-4e9b-a136-39d3f321a161
Anestassia Scrowton,07/14/1979,358760.97,3,8c9cab11-6a3f-401d-809b-cd3a3dc6de9c
Tessie Utting,12/09/1967,607439.72,11,30417710-279d-43f3-a68b-ecd4775f6f4a
Oliviero Stable,08/05/1951,697127.43,26,52a2bc32-337c-402d-8741-e3b676425424
Harman Croasdale,04/03/1955,154729.19,3,951a85b7-34b7-4ec2-bbe7-7bb5db53ccdf
Konstance Prendiville,03/27/1967,785821.58,5,143ee9f0-9510-4b23-ba4c-4e40af6fee13
Ranna Martinec,04/11/1955,802052.01,27,54753f59-7098-4932-b98c-654e57e5e5cc
Titus Fould,07/24/1953,440753.06,10,aa3097a9-3733-45fc-8432-e5071d3b3217
Connie Gowman,10/11/1985,16059.3,9,e86303ba-d28f-4b17-9ac2-225425b0839d
Eugine Coltherd,02/18/1960,150180.86,2,2d3c27d1-a664-4d11-a6c1-09448885cdaf
Crissy Bakhrushkin,04/12/1959,568887.42,41,1076e370-8d10-4263-bd21-41ee10766958
Terrance Cana,08/31/1999,487818.59,58,489c24fb-4a60-423e-94c4-f82ca53d826a
Mei Minton,10/13/1983,745646.97,15,bfa25f5d-e528-4c27-bdab-a3210afa1ff2
Dina Cromblehome,01/06/1965,787818.8,8,d5e425d0-400f-4fe4-bba0-741ff56d6c12
Johannah Yallowley,01/24/1968,495940.71,50,b56d9257-0413-449f-80d3-f79d0eca92d9
Zenia Scrimshire,09/06/1993,922331.47,47,b28ab7f7-6d0b-4ac5-bb32-b3953b7d1fe4
Nealson Shenfisch,12/11/1958,354930.27,12,bb49ffd8-d963-4156-adfc-58b5371e65e5
Dell Witling,07/16/1968,978104.84,7,3433089a-26a9-4b6c-b1c7-96aee265eec5
Shae Ardley,07/28/1956,334164.2,53,471ce0c6-101d-409b-9956-07511df20edf
Cris Worboys,03/06/1985,358335.59,11,ff2359ef-0ff1-4759-bb9f-505bdabc63ca
Ephraim McAlister,09/09/1972,267962.32,55,53cd9c3e-692a-4e93-aa9e-3c1e494959af
Sammy Frayne,06/07/1978,80588.93,1,9918e7fe-5087-4fab-bc9f-4fd21a62921d
Annice Hardes,08/03/1973,575515.56,34,fc94aa71-d725-4840-a855-f83c20193085
Muhammad Gamell,12/02/1982,353743.51,12,e1b2a8e8-8668-49b1-b719-6c735ff23e30
Batholomew Caffrey,10/17/1975,823533.21,44,1e317fcd-4862-43a6-a85f-5a9d0a732004
Urbano Alp,12/08/1971,956803.79,12,1fb6711d-61e1-443d-be05-fc473c7747ad
Jourdan Grunson,07/29/1953,848306.59,38,0a8a857e-4781-4770-a394-cb51d18a6227
Angelique Vint,08/15/1957,790823.85,60,aa94ec7d-11ed-409f-aada-558f2a079501
Mela Penwell,02/08/1972,617638.73,13,a23bf506-ad05-4fc1-bbbb-56adf5920c3d
Filide Tregear,05/29/1953,399751.61,55,a0803518-3bae-4b58-a704-7555e2ff21f1
Randene Haskayne,11/19/1988,172742.84,46,d8f70a2e-eb4b-4041-a451-ccae9545c7e1
Kiele Ashness,03/20/1996,459646.22,60,28cbf9fd-e0c1-4ab3-975d-55d06f6b3fdb
Jenna Fishley,06/04/1981,851210.95,44,cb185443-6f26-4ea0-80d0-8c0853e33856
Yank Crunkhorn,07/21/1990,934854.42,12,97ea0d37-e1d3-48aa-ac0a-bac799a75c81
Kipp Clarke-Williams,07/21/1975,155468.0,59,484c151c-0395-4be7-94cf-51c9f2421d1f
Major Tolley,12/27/1971,410198.91,9,ba33d481-0551-41b8-9b55-5cc7dcdbfa20
Dane Losano,01/28/1991,691502.95,29,3645807a-ed16-4f25-b833-546b7b7fb19c
Alexandros Davydochkin,04/16/1990,698785.29,48,a4515dc7-ee55-4cf4-aa48-2629bf04ffe9
Odetta Gambell,06/08/1987,18838.69,53,856658e8-9df9-4560-8721-8e62e982ed30
Farica Willey,04/28/1954,570222.93,38,34b9518c-1f35-49b8-82d2-83d73d5d69c0
Constanta Atte-Stone,07/14/1976,228126.07,33,0f214947-bf6b-4359-9b1a-963d9d1e3bd7
Cleve Di Pietro,03/28/1979,33350.49,60,d9f806ec-f3c8-4108-bafe-dee2139cb1e2
Fawne Fallen,04/06/2001,870941.56,11,eb1bf9cb-cb5c-436a-b4d2-9e334fbd399b
Anstice Izkovicz,05/24/1991,618818.99,53,ff0cc946-2692-4ec5-8e83-e1192154cf38
Nyssa Geldart,07/07/1952,164982.74,35,0ceadd68-5606-433d-b29b-d469f312767f
Chaddy Watman,03/01/1978,397196.95,41,8f5f9d88-4d82-4dda-a234-8153136af540
Rosco Lindores,11/18/1990,857370.48,10,ee00e4cd-a697-472f-8edf-2d860cf44eb7
Dory Adnam,04/20/1962,963407.52,21,30223838-6d8d-4ed3-844a-7dd100028ee6
Selie Gounet,03/07/2000,551866.66,37,71cfb529-1c26-4bf8-b10c-c6ae3a577477
Brok Deem,03/13/1991,130188.65,53,949166ee-b1ea-4fa5-b3ef-dd71071a7b35
Callie Revans,07/29/1974,253169.98,28,97efd224-2d39-48ff-9e25-796d1fa09f7a
Hillel Huckett,05/01/1952,249387.68,28,ff34871c-494d-4431-b2b8-e0a7028e0394
Tarra Loache,04/18/1974,424133.72,43,50f14ead-ebb0-49bd-977a-2cf50b6fcfde
Michal Renfrew,08/17/1981,411734.0,38,6abfc137-c331-4d33-8dd8-d005f826a087
Francesca Walliker,10/22/1951,486489.38,52,f3da79a3-8ed2-4fd6-9600-f67d85768291
Doralia Worsfold,11/07/1974,800923.95,51,214303f6-4bf9-42cf-b670-acdc66985c4c
Allegra Bourdas,08/11/1978,581032.34,30,4d530900-f374-413d-86f7-e69c2f8827b3
Cassy Pallis,10/05/1978,859669.75,37,97869356-9c26-4a49-8743-2dbb192f8c6d
Ricky Tellenbroker,10/09/1999,841741.0,3,1d73dbd7-1128-4476-ac72-6b61f9c80de5
Vivian Covil,02/17/2000,974841.76,41,af249b36-fee0-4c82-b940-b85f418f225c
Elysee Standell,04/19/1963,491080.71,25,1ca50780-81f7-40dd-8fb6-bca6d2ad4920
Merrill Dyble,05/25/1966,583158.6,11,6b93886a-5061-489d-9b1d-43e0ce1f2db9
Koenraad De Freyne,05/10/1998,39376.39,58,0a4704b7-1cd2-457d-b1ef-87a1b47a8cf9
Kelcy Rushford,12/20/1971,843660.55,21,04dff493-29ce-4e0b-bd21-a759d79bd726
Pat Hadwen,09/01/1964,347958.32,48,c4a6287e-b29d-4a1b-b5c3-86b51a1d1e82
Flora Willoughway,09/27/1965,669363.73,3,a0a85731-b758-4808-8e09-45c664855fde
Angele Phare,02/02/1989,257412.31,54,5b9ebc71-a8bd-4579-b244-ba846a5f6b9d
Krispin Teasell,05/20/1983,540431.0,59,2e51d065-0dfb-4a3d-9a71-5bc1e00fff7b
Sanders Flood,09/25/2001,182909.68,16,9e4d6f23-2e24-4630-9085-21d3fde6cfbe
Chaunce Grimwade,11/29/1966,532428.97,17,7436a801-4750-4693-986a-689ea474fa33
Mateo Ickovici,04/17/2001,756922.92,10,96a372fe-8e78-4b5a-9e54-cfaaca51dd57
Berkie Ryson,09/08/1963,959105.3,49,d1910fcb-3fe3-420a-99a3-d7789ec6ecb8
Randee MacTrustam,06/18/1951,386862.49,15,bae74b23-a159-49c3-a5be-f9aaf488d9b1
Asher Nellen,04/07/1973,946782.9,5,1a20364e-1aad-40a0-8ad6-0f07a9aba62b
Erika Hinnerk,08/30/1969,140790.12,56,1a1c8953-7a39-4b90-9c5d-866c805e2838
Pavla Lunt,10/11/1951,521908.1,25,fa1386f9-9c81-43d0-a1f7-8b2478b8c2d9
Rooney Balam,08/14/1974,126180.12,13,b5e6a486-7e42-4f98-9917-d704f48f6c8d
Roberto Onthank,01/29/1990,30831.14,26,fa63d68f-40f8-4f57-a5e1-148cccee508c
Corri Phair,07/11/1995,627468.46,55,d9439fca-bbe6-4633-b2f7-a7d00e17383a
Constantino Sibary,05/07/1965,829553.58,28,147112ad-828f-4f4a-9380-6330b9b2fe1f
Gerti Soaper,01/26/2001,599654.91,16,4b4330b0-f749-46f1-bd18-7c72eb00ac62
Pete Bysaker,03/08/1979,518784.2,22,60aacbb2-16f9-47f6-90e2-782ad7f877bf
Randal Tordoff,01/24/1974,580855.15,23,6e35db5f-ee3e-4df1-bc91-5282f8200b38
Salomone Tiesman,05/03/1963,998573.94,1,f603959a-e343-442c-8471-e42c6567adc4
Thornton Dymick,06/02/1969,531220.43,10,d0954906-1398-4ec5-ba04-d1683a3ddd5b
Robbert Caukill,07/01/1953,743705.89,7,586d62bc-89f0-493f-8ff9-b7fff63a838b
Vlad Antrim,07/18/1965,515458.19,28,4c325f51-887b-4ef9-843d-32e4f5d94661
Filippo Tedorenko,03/26/1969,535067.99,10,f3064880-0a23-4200-a244-984ae9e7cd9c
Janella Demangeon,01/28/1996,940036.43,8,52feb517-92d3-4218-b56b-b1a7eaf23c50
Willow Tute,05/03/1965,58098.97,31,78d358d8-4e62-4516-a6a1-c50f31eb38a4
Horatius Conachy,03/29/1955,484635.39,7,bef076f3-a763-4ef2-a0b5-35344f4a7b54
Kimbell Bevan,07/03/1988,338478.03,32,4d220210-fa58-4f93-9423-fe5e4fed6eff
Aldon Dreng,02/12/1962,905150.67,25,0cc07274-bf8a-4e40-a56a-941c9b9bd635
Freddi Crick,01/25/1978,407840.01,25,b0b64a2f-b6af-42a2-a2d6-95f1c509087b
Ulrich Conneely,06/11/1983,288575.31,6,1ac93964-3836-46c8-8725-834457df83f7
Vina Ruslinge,01/27/1959,947336.0,31,08fd4f5b-ceca-4890-a8c8-79139891be11
Christa Ibberson,07/02/1997,141774.38,16,f5a261c0-7f3e-4cce-8951-4d606f1c9c2f
Zuzana Keppin,09/14/1953,442495.16,45,047eeb2a-4377-4723-af51-01ed6e3788f1
Burk Shoorbrooke,01/29/1963,643714.55,8,fca3296e-fc82-4ad9-b9f1-1654f2030810
Dore Culbard,12/16/1952,806289.23,56,891b6c04-249d-448f-a7fc-ea2aad942c16
Zackariah Seabright,04/26/1962,227258.72,37,55be78ab-b08b-4b22-987b-b3ede664bb8c
Gerianna Hallows,07/16/1998,19774.02,53,b346b81b-3d56-4e9c-8353-da4f1241a794
Darline Verrillo,09/25/1994,803569.21,11,23d6951d-3db3-4ceb-b652-0f3992055202
Brendon Atherley,03/03/1997,981191.43,30,4ad03560-57aa-45c2-a8d5-36604fa32c5d
Vania Titley,11/27/1976,356788.98,45,f1abf65b-c05b-4b8d-ade2-27d7a037a374
Brennen Alberts,01/06/1970,610029.04,36,a91de187-6dfd-4dce-a231-db98163e63f6
Shepherd Tabour,12/28/1969,365651.7,58,6c6a1a6a-22a9-4cac-b4af-c5aae87fd7ce
Donnell Ipplett,02/29/1996,450596.16,4,77939d6f-0f0e-4947-bf24-ef435a179ba4
Josee Lenney,05/27/1981,736003.41,12,a6809dda-0dff-4b5c-988d-e3cf5ace9e70
Devinne Austen,08/26/1980,20655.07,3,6a2655e3-a5a4-4ee8-b144-3c44b8c538b7
Demetris Capelow,04/25/1961,790895.17,3,3c289c92-9c63-4b83-b5cb-41441b057df1
Ben Wilse,03/16/1958,658487.61,17,fc7705f5-68ff-451c-806b-d1c6bbccd9d6
Jerry Hadeke,04/12/1956,654890.24,41,59857b00-ede6-447f-96c8-121d59974455
Marrissa Pithie,04/08/1974,535050.74,57,f48891ce-46cf-4e3b-9550-c687d156a884
Samantha Grocock,07/12/1991,98289.41,33,f8286fb2-b306-4201-b157-5390db8ba96f
Kaiser Avraham,04/14/1960,87210.16,39,6b9616a8-cb22-476e-a1b5-be62639fee02
Cindie Wadwell,05/03/1984,662341.61,10,452a903b-1fe5-4309-9128-53e4d9d1554e
Sharona Ferrucci,10/08/1988,511854.54,38,c01c77ba-ea7d-4dda-a8f5-469623d26576
Devlin Giovanitti,01/01/1978,431093.38,23,d0e71061-c2e7-4ae8-b6e6-171fa9c2a610
Alleen Button,02/17/1958,631999.82,18,10952d49-a23a-4052-ae9e-ca03ab5bd659
Reggy Toby,07/23/1970,323668.65,51,cbced44d-4093-4fea-81ca-723269dce025
Hale Thewless,07/14/1973,321067.82,55,3b3fdc2c-df46-4fb2-9e0c-7059b441407b
Tabatha Cardow,10/27/1996,294734.59,10,72f723a0-e23d-42b2-8107-77e0ceba531c
Cord Dyott,06/26/1995,709178.63,5,fc5b6f1e-d676-4006-8d59-d1cef4414e92
Alonso Renak,01/21/1988,876881.0,34,0dab119d-8bc9-41f0-afa9-f5b79e3934ea
Verile Rubinov,07/23/1984,981074.0,52,5ba29e10-0267-49f6-98d5-a9f10cbd2e87
Ula Reoch,03/07/1965,615113.57,11,022f43dd-a05a-42fb-9e81-ad882d3e5d7a
Janek Cathenod,06/01/1977,136745.64,38,4b64a92a-b556-4133-ab6c-299d72380322
Bonny Sulley,12/07/1987,411506.84,51,5b4b5f97-47a1-43ae-a7cc-72ee49b296e7
Damiano Schutze,11/29/1950,281754.03,6,7514573d-218f-49a7-a72a-bab1339bb85c
Wheeler Strowan,02/08/1985,62537.68,4,e4cdf4dc-c9fd-48e0-bb63-54157f57beab
Benedicta Beecham,02/08/1981,207361.5,55,e32f811e-6779-4a85-ae4f-35803157391b
Drusy Diddams,12/06/1989,922641.7,29,8d8fbacb-92cd-4450-acc3-3e32cbd770b2
Stace Stickford,10/12/1998,992818.14,7,11f526bb-babf-4ea6-be7d-e96b5e3638ef
Letitia Guthrie,12/21/2000,690439.43,46,98403508-ddea-426a-b16b-c9b74a0b1aa0
Willdon Sollner,11/10/1965,133618.71,35,64c86077-532c-4752-90d7-d94c55fb8c58
Nerti Coldbath,12/25/1997,829404.45,21,8c95a92c-3317-4601-9c15-b4d1a4ac566d
Toby Boggers,05/02/1986,683767.75,60,0d983148-576b-4fd8-b533-8e1c21ce4d91
Fidela Gorges,06/13/1979,2382.66,36,97bfa950-b11b-4e3c-ad63-b34c6e69ab18
Theodor Tardiff,06/16/1976,819523.82,43,ed38ac74-5e90-4277-b19d-9875d43f586b
Vannie Tethcote,03/30/1991,187605.78,24,0d0013ab-9974-4f7b-9837-2e9a9a539592
Rona Duffit,11/29/1990,592540.1,48,dd57da06-4121-4ba6-a23e-9d994dc7e9c8
Dexter Cutten,11/09/1954,120613.5,22,03b0d8ea-2d86-4b47-a424-99ca3cc03cd1
Hildagard Delacourt,02/05/1988,828103.75,46,a500f439-1bbc-447a-a75b-a9c702782e02
Meagan Harrold,07/03/1966,120429.36,39,97d0b3f4-fd86-4cac-b5ef-734f383895be
Darren Douberday,02/25/1954,446889.31,31,f826f2ed-4401-407a-9377-a3e31ec52b53
Andreana Fatharly,12/11/1992,733866.39,48,285bdbe0-97d0-4c39-9d74-24935992d047
Dennis Shiell,10/13/1968,803465.91,53,9a861e93-573d-4a26-b20b-367c53476b92
Brade Baker,06/21/1977,913103.1,32,5c7e2214-0b65-4f05-815c-ce946da801e9
Kelsi Stollenbeck,08/25/1975,2002.54,30,f323e618-7ad9-4c03-a761-f09ff78bb9d5
Vally Purle,02/03/1952,623304.07,27,8a716658-ca94-46ec-abec-1a29a194f94a
Lindon Bennion,08/11/1992,646037.07,15,56320d4f-cb0c-4049-9937-1e10aff085e2
Dennison Rodwell,05/16/1995,513464.28,26,4290794b-48c7-4243-835c-ca01377682d2
Loella Molines,11/12/1963,876962.04,6,e45a939a-fef2-4a4f-94b9-3f728ff5d0f6
Dolf Foulsham,08/21/1955,264224.78,6,eff1fcd2-5a6c-48b3-868a-b6b8d226983f
Stavros McDonagh,06/16/1986,783104.06,52,6d4acb2a-a345-49d5-9ebd-17854e917042
Michail Robichon,07/01/1968,712331.74,2,1e746e43-9815-487e-9fbd-0a94dfa5ff3b
August Halwell,09/20/1964,405494.42,55,a871cb56-b569-4d21-8152-90f1cb7ed7ea
Nanete Eusden,05/18/2001,797017.48,15,266c4425-9578-4bb3-a679-9efafac56d82
Linet Dorre,12/02/1983,752167.13,16,4b571d69-3810-4f8b-877c-0801b7bffbb1
Haily Ochterlony,05/06/1973,650201.82,32,4f1cd931-919e-403a-8826-251bf50b4d85
Trumann Drivers,09/09/1979,364683.42,56,501ee8e5-6030-4686-a3ea-11ec8eb203f2
Clareta Hand,05/07/1962,584333.29,23,884ada46-c5b3-460d-a24c-685be4d68fe0
Lyndsay Tyndall,02/25/2001,769959.54,25,2fdabbcd-2bc7-4f8c-b3fe-33ebb29e76c6
Carolyne Nerger,09/24/1991,332206.62,45,f0420ac8-23b0-4dc5-b7a2-69fdc3b6b8f3
Paula Petti,02/06/1972,491359.87,28,b68200f6-ae73-4aa7-ab8e-774623ee6061
Karisa Howerd,09/27/1960,719945.25,59,bd2032ac-7ad3-474b-8378-a5836c624581
Michele Judkin,02/09/1959,974011.63,24,ee398bb7-8ff2-423f-90a9-d510bf7deadd
Alexio Philbrick,10/17/1987,959670.94,43,05d5c615-a51e-4a3d-98a4-d86c7c5a5147
Lynsey Rochelle,03/09/1994,490144.32,23,8d7990e2-081c-4cc8-9157-9a06c27a9b82
Ingrim Darrington,11/01/1982,267795.22,45,95bcc980-3072-4828-a4d8-d550d210e73d
Vittoria Woodger,08/15/1989,288540.18,34,ca553a82-9ce9-4ae9-a512-fffdf78d04b2
Sigismund Dutton,12/14/1965,279962.44,60,25db4053-f4eb-4e1e-95fd-781ce828fefb
Amelia Williams,12/03/1984,860882.29,48,25de87cc-82ee-4c1c-bbef-bc56078429d8
Georgianna Enrich,05/22/1954,288904.58,23,ec0592ae-7df8-4eae-9541-d543cf61b54a
Farah Shelford,10/15/1973,241515.37,7,fd748512-31a2-433c-8ebc-a56ca7af7821
Gideon Adnams,07/18/1998,401995.38,3,d6873732-36e5-4bb1-bdde-e9504b5c0b4f
Merle Mildenhall,11/11/1987,857970.81,31,f7641cd0-f3f3-4bd6-ae1f-d6f57ab332fa
Vivie Glandfield,07/09/1976,658920.67,37,59f41fc1-1ad3-4279-8abc-004756e4cd1f
Marney Ramey,06/25/1976,909803.28,15,801344be-9c16-4a50-9971-db27a70dfd19
Lucille Pendlebury,02/27/1974,929938.97,16,f0ff18b6-2c64-41a4-8568-847922585930
Marlyn Cheek,05/22/1951,184305.98,35,a052805e-9f06-4f56-a1ba-86bcd1b1d8f9
Morton Rings,09/16/1974,128603.24,10,b130bdc1-ba47-4d01-918e-562d42725625
Gustie Dobby,11/29/1986,11518.9,9,361091f0-644d-4d04-a9f4-bf907750d04e
Denny Lagde,05/11/1992,756743.06,5,023a8ec5-a180-4ad2-8e28-3aaffc64b594
Kaylee Vannah,08/29/1954,133440.11,50,5bfd1b52-fcd2-4f0b-9140-49ed82958f6f
Sharl Wadelin,08/01/1953,586637.27,7,ee74c3b3-5aa7-4879-b22a-6323a7f49d2e
Tully Bunstone,07/23/1999,110129.51,30,40f250b5-eb48-4761-a4bd-30447659ef49
Haskel Yurmanovev,03/02/1955,475767.17,59,9abcd1dc-ee1b-4977-91af-2332631f3128
Enrichetta Bechley,02/15/1954,476960.21,16,e14f8e54-b3bb-4a9f-90ed-af78a8d4c718
Reynard Balsom,07/19/1999,585081.39,57,2c7b2dfa-f2da-4856-8030-6a94058315a1
Merrie Barczewski,12/15/1956,990089.07,42,de5a41ec-d31a-475a-a51e-02bb05406673
Helli Shanley,03/12/1965,506997.77,22,06ec9e47-0b9b-46b8-b571-ce2859d38ee8
Elisabetta Vigneron,10/04/2000,507966.92,36,71538289-2d05-4be0-9da0-d43dd66b3010
Cleavland de la Tremoille,09/14/1993,869196.99,46,337dc1a1-e59b-4fa6-8dba-5df0bd1ea517
Garrett Cribbin,10/12/1992,917185.68,5,e27d6a8b-09de-4786-b17b-41bdd63fe348
Elsinore Prowse,12/03/1951,519074.67,52,bb974289-0420-4d48-a0f8-af339fd7e416
Gilberto MacAdie,07/01/1959,998226.46,1,1fed796a-848d-44b1-b4eb-cfb00c82d1db
Robby Terrington,04/28/1977,916434.19,27,9800bc93-85f6-455b-9185-764dbb6d68f7
Mayer Gaishson,07/08/1953,706429.82,37,65b1a352-2162-407d-9bdf-20096aebf0f7
Shelbi Fautly,12/15/1975,668785.55,30,69498c53-749f-4d15-96f0-831b628800f1
Barny Ellin,08/31/1993,161293.67,31,eabfa8ab-3344-4034-bdec-bc13162e5237
Bronny Dubbin,02/06/1952,687860.72,8,2bd77425-6bf7-4759-b84a-cc2a4bf69f0d
Mia Babar,06/24/1993,503713.36,19,e59bdefd-9747-4d33-8f07-fca3fe79a8a7
Frederica Bonett,09/17/1980,883288.15,58,ba22863c-38a9-41d6-857d-b3c893035896
Dolli Larkcum,07/02/1953,154774.36,3,b83e26b9-5ebe-47db-aa5a-1b58e63a96b8
Rutledge McCaughey,02/01/2000,957226.0,54,de519af8-362d-43b5-bc12-18e92178df9b
Jilli Reddel,08/09/1969,545565.98,13,ba32b27f-9b94-4f6c-9f44-cb8cb80c8238
Lory Beckhurst,06/06/1971,407582.37,46,87b911f1-4dd1-4741-aed4-ab5d16a2eb9f
Dewie Verrillo,05/10/1954,426151.8,23,901273c5-59c3-490d-9ce6-c9d1ed4e117e
Donielle Hampshire,08/01/1974,972236.19,13,2fdbb743-6a5f-4648-a77b-57850ddea9d5
Keefe MacCrossan,05/26/1957,267459.95,21,975b2188-cc93-4330-9738-698c6b362df7
Corbie Durak,08/10/1953,438972.38,55,c1db879c-b734-498b-a638-e98f5a422d19
Wini D'Ambrogio,06/22/1967,357901.02,50,2a69c58c-cbd8-4b3a-ac85-745c0dd7cd8e
Garrick Bendan,12/15/1981,656447.43,23,93ecf6a7-d4d7-4265-9db2-e1726c6eee50
Bentlee Werrilow,02/16/1969,746403.77,4,f68c9848-02a2-4e33-b360-c717359614f5
Kacy Willcott,04/24/1988,436361.61,22,fa94e31f-4659-411e-8197-0055b60afa5b
Danny Edworthie,06/20/1965,912277.71,35,d40f6b5d-c057-4b29-9402-1dee0290530a
Lilllie Buckwell,11/28/1977,994240.44,8,5850ffed-9e5d-454f-9dbd-269efa8dbd47
Andreas Beney,12/06/1969,875664.51,18,c997e679-9ada-4768-9064-d80d1624a955
Kerianne MacGillreich,12/05/1995,130715.3,6,97628847-217d-428d-906c-eca4e9e860cb
Cesya Skully,04/18/1989,144004.54,13,e7b7ab3b-396b-4b1e-9301-d84807571e6d
Amaleta Sammars,09/17/1951,18278.88,37,937d8966-298b-4058-ace0-07e4ee55b4b2
Aarika Petegre,10/04/1984,56076.88,13,f70e1424-643e-432c-8ef0-9c0ba7fbb9d9
Debbie Bukowski,07/13/1951,522355.27,45,3d885fea-1157-485a-bd0b-52777560649f
Mariele Jina,08/18/1952,581586.29,22,091119d0-d8f6-48e7-a185-a9a37a8ef7b3
Channa O'Donoghue,02/10/1970,56842.2,20,f9aa20dc-dac7-488f-a9ca-0e91493a4d06
Dorri Huelin,03/21/1995,956985.32,49,cd1930a6-6c3e-49b3-abf4-1e02e93e388a
Caitlin Woodruffe,09/08/1953,370973.47,41,f552f40d-ee7c-414e-8070-52b96e430e70
Noellyn Pilger,09/10/1958,206154.94,48,2d79a4a3-0977-4b28-8aea-098085d16fc7
Tommy Kinkade,07/14/1967,522409.4,46,4f9ede28-ed46-40db-87bf-37ea3916bb2a
Iolanthe Tidbury,03/24/2000,911676.42,15,c3877119-55bc-46a0-93a9-ecc1a217e428
Gustie Tunniclisse,08/06/1975,227158.12,6,db6c7052-a17b-4797-901f-af00e8221fa6
Frederigo Flag,01/02/1969,851982.56,56,25c15017-abc4-40f2-814d-1ef3f3b36dcc
Maje Imort,06/23/1969,366181.17,44,d3845a0f-3df8-42d8-8a76-acc5ee8edc48
Therese Fieldsend,02/24/1971,297684.02,55,b9ae2c3b-efb9-4875-86ae-886895c89b20
Jeana Jansey,04/23/1969,651068.0,7,eff71937-68c5-469e-b3b1-514574a257e5
Jeffry Deelay,03/02/1953,157698.21,22,1e4ac828-b1d7-4617-8e76-1f60f549e2c5
Lannie Lozano,02/13/1972,848667.0,29,700dff7b-a866-4f8b-8ff5-863f3d0e0c05
Aliza Forder,04/10/1981,2955.25,53,4f3db89d-c5ea-4b60-8f69-c5b5db9f84f9
Fraser Aldington,11/23/1984,293243.88,48,9e03f309-2c98-4624-9fc2-bb47ab8265e2
Cyndia Bonsey,10/13/1984,151100.13,39,9b958e6e-5850-4d69-a4be-94fab328cd44
Theda Toyne,03/01/1992,371650.42,58,49da5b36-6ace-4ea0-9f47-19104733f3f6
Annecorinne Laundon,07/28/1963,458095.8,2,8f8d00d3-5f70-4b64-9b51-71dd08a91e9b
Carmine Culligan,05/19/2000,580644.41,11,4e261223-51e3-4c0a-a1f7-c7b7f6d5daec
Philippa Leggs,11/22/1963,121702.43,53,feac909d-f2ea-45e2-8b04-1768b311f79c
Cameron Banthorpe,09/17/1962,686654.03,5,1e098895-e0eb-4b5d-a173-29a9fd28e837
Clementine Rodmell,01/19/1999,672346.26,4,b35495e0-7755-4717-af22-ef4381d5a0f4
Hadley Docherty,10/01/1984,53736.93,36,255381a9-bc20-43f5-bbb3-54abeb41e4e4
Rickey Kemell,05/31/1972,659626.98,38,6d089d1b-eabe-4589-976b-0f5018a0fee8
Montgomery MacLice,01/09/1952,783237.25,18,731ca58d-dcf3-42a5-8e0f-1431aecb10af
Phil Lenz,02/10/1996,305385.17,19,200d3637-2ffc-4408-97d7-9144b0c1b142
Virginie O'Farrell,02/27/1958,504192.44,24,840d3bc9-eafc-4ede-987c-d42ac6a719a8
Whitman Gossipin,09/04/1979,421047.95,56,b0b9b3cd-495c-49e2-bb01-cf1bbd3f32a3
Bonnibelle Witcombe,10/02/1956,619976.06,28,db51c7ff-8897-423e-ab44-73b5bb7abb81
Madelena Belhomme,07/06/1958,409778.92,51,ec4881ac-8925-4136-91a4-d808d1a5e4ed
Nikaniki Oselton,03/21/1985,113461.28,17,34b79b0e-e6e9-4dce-913f-3e4ce60f267f
Elnora Marsland,10/31/1981,659799.39,10,f232f11e-14be-4aa6-a21e-2f4cb44e3cd8
Abbey Oswald,01/09/1976,245296.52,12,74dd402c-0925-4738-b807-4de6fa106796
Gabrielle Bilt,10/25/1996,593096.16,11,508207c5-fcad-4bec-a9b2-939e1cfcf78e
Brandy MacGown,07/18/1955,216454.05,47,22ddfef1-94a6-46e6-8d6e-cfeb4f7e256e
Veda Goves,01/15/1992,414722.16,56,1d885ed9-1f84-439c-9dc6-f6ffb6ce768b
Sammie Cluett,12/20/1980,248033.28,57,5143de81-8096-4f0c-8baa-f090449b3974
Sophie Ayris,03/25/1970,711682.44,45,69c6bf0e-1894-4068-8a3c-9d8be1b63b15
Jervis Brightman,06/07/1978,769541.36,18,2e5789ef-f3af-4eee-b983-3b8acb0ad416
Emelyne Collick,01/11/1990,501626.72,56,6e7bed3c-92be-4ff8-8e5e-771eb9b2d67b
Erroll Wiltshier,04/26/1979,289966.86,54,2045989e-bb5a-4325-b5df-b6a49b1afad8
Jean Muspratt,06/28/1979,765486.57,19,599c61b3-5ffa-4940-b34c-834d9345c375
Emile Kobke,08/02/1980,277546.26,36,85ef5b1c-5408-48bc-8cbe-b331527000d1
Israel Saldler,01/04/1973,474687.97,46,c1deed10-f04d-4f87-8dbc-5e07f6449885
Seumas Fitzsimmons,07/05/1986,96981.3,2,a42bb8e6-53fb-45f2-9bcd-441f9bc0eea2
Standford Eades,12/17/1995,552781.14,56,e2793ec9-73d6-4c12-b0f3-1dd0db3c8f4d
Anton Baldcock,11/21/1966,152657.78,41,ecdeb68e-f856-4ae3-a545-00434287a8ec
Hynda Coleford,04/02/1989,222517.4,43,0e223b1c-23e4-45b2-be8b-ec279bb5eaa4
Jillayne Please,12/14/1979,205112.39,21,e58db12f-f253-4d2b-88c9-395ad06c5d76
Rosabella Yearn,11/28/1968,670029.78,44,d531b0f4-dbef-4a13-ab57-c07d7b77d055
Mirabelle Paule,05/10/1964,257340.91,6,1cecdaf9-9769-42fb-a259-56500b12ba0f
Starlin McFadyen,08/17/1980,559561.72,42,191dd323-3443-4c5e-b168-cabdddac844a
Godiva Mangeon,08/28/1988,929296.59,9,78349dbe-66cf-4bb2-a5b5-69c96e355544
Claiborne Edeler,10/20/1990,762192.82,30,3c095350-abb3-48fb-8c0c-87e8a80baaca
Florida Spurrior,12/19/1951,312654.29,42,e6bdc916-29a4-4973-bc4c-0c23a494ae3b
Claresta Beckers,12/26/1979,150194.85,32,911e3fd7-7f72-4a42-a3f0-73407d7fa83e
Dermot Craddock,04/01/1975,743753.89,47,adb362ec-9afc-4243-9528-c08b95ac1965
Konstanze Grevatt,12/04/1979,954324.35,54,d57ed523-66b4-4de9-b2dd-cfe62e3c2964
Harrie Schubuser,12/03/1964,425673.9,36,a317caee-0a45-4fc2-84e0-080c09655d0d
Ferris Kynan,11/06/1956,866628.68,53,fcd2e18c-3cb4-4e98-b479-2d79b20bf735
Domini Goss,04/15/1976,332517.88,55,922b30ee-d43b-4049-82df-52dcb98fa23a
Kaycee Stockell,02/01/1963,470483.14,23,2b15fa92-d154-4ac5-9907-66d46dc02c0b
Gwenny Bollam,10/07/1975,315093.75,5,8702d90b-e443-440a-bfad-b6b0bb7637b3
Theodoric Maybury,03/17/1978,511342.49,33,516b6d27-0669-428b-9f63-aab7a7eb415a
Tore Berlin,10/04/1975,695179.02,44,46523b6b-fbe9-48fe-8703-e946b50848f6
Seymour Tumility,06/08/1975,150833.98,41,d051f9d3-28da-42ec-bf69-155a9be00bdc
Robert Stegers,05/24/1989,934289.0,37,cd83ef8f-10f5-4de6-b5ed-61e1655c81cc
Costa Lightwing,12/14/1957,513391.92,21,717c8c2c-0a0a-4f1e-82d1-889b9e268f4d
Julianne Britzius,12/07/1999,998225.0,20,a0c7dbbd-69dc-4b22-adab-5055bfc1c860
Barbey O'Dreain,06/13/1970,292234.95,16,56618bac-7304-4c43-b00d-79cd4ec92e15
Jean Ledwitch,05/27/1953,319745.86,3,f05a7194-998a-4794-9943-df5d995276aa
Emily Brandone,12/10/1999,940992.08,56,8f466fd6-a044-488c-92fb-f5d2e29c2195
Raphaela Dewerson,07/31/1960,553690.55,55,1432a474-b151-4880-a83d-b4377cccb841
Phelia McQuilliam,03/26/1977,861122.68,31,f85b75c1-e234-4fbd-8a85-a55c66621ad0
Raddie Hamlett,01/08/1982,568727.36,40,6c5cacf0-f1c4-4c3b-8edf-e3b5140836e1
Langston Iacovides,11/12/1979,842267.4,38,a3f0d2e2-73ce-495b-8ee8-c791cc5ada64
Boote Limpertz,03/26/1991,772474.62,43,8c2839b6-ea73-4774-8a1f-4eff010a0896
Paten Cloonan,07/11/1984,528412.76,17,60d72ec5-36df-4fff-8877-657fa95c65ec
Manfred Trumper,10/28/1985,829840.91,20,d4ffa6c3-7468-4476-96ea-5fe6abca0650
Olivette Girardetti,10/04/1981,692533.83,11,a6d50939-2af5-4149-9192-298a5696fdb3
Magda Evelyn,08/18/1984,470122.99,11,77d8459e-feed-4837-832a-4e9fd3df7e45
Minnnie Gammel,12/30/1981,797941.88,53,a59eb459-9296-4485-a243-fd0a2e2a8924
Heddi Tatton,02/28/1994,739833.78,41,faee2a06-d1e1-496f-8298-e7f62ecb0579
Torrence Jakobsson,08/27/1958,154535.76,34,0f0e9bea-d931-4def-a46f-e0749862506d
Rolando Witton,03/11/2000,785992.69,29,9b697836-d7d3-4c0e-9c9b-001107fca375
Alejandro Andras,07/27/1960,881435.7,30,d273d516-ba65-4866-a87e-01773dfe8e5a
Herminia Skerman,12/19/1962,977664.85,42,52979185-0935-4f95-a882-d90da4ccf4c7
Willi Heinl,11/14/1994,644891.88,41,53b28a2e-87d3-48ea-93ec-f34515698906
Maurise Marklew,03/24/1982,44970.82,30,00479483-6711-4d68-b980-12060806caf6
Augustina Murname,04/20/1970,38827.84,59,b01d5e44-8eec-4978-b4a1-8ea9249f7958
Jesselyn Cessford,04/26/1984,237210.66,2,254dd978-6ccb-46b3-afae-88cdcac5a352
Arte L'argent,09/07/1973,367382.33,40,219e783d-d45c-432c-ad6e-731f4ae2f97a
Lory Antonignetti,12/11/1992,567872.83,41,eeb56840-28d5-4089-bc89-ba22f47cdc57
Juli Dallewater,07/22/1999,400072.85,29,bf43d98e-4ad0-443c-ad62-6bae349ad52c
Ernesta Scherme,01/03/1955,471794.89,26,2b841ef0-dd80-459c-866a-ba8d8112e366
Shaughn Yeowell,12/23/1959,701003.51,35,5c325709-3b26-46ff-afab-424da4f5aca1
Gavrielle Blenkinship,03/08/1999,370231.7,45,3cc9437f-f58d-4993-bf66-89ad47e35987
Joell Deyenhardt,10/15/1988,825599.48,39,206491d8-eb23-48a6-88e9-de1f8065a67c
Haroun Diddams,11/12/1976,956111.54,43,5a85a55d-d66c-4c59-9c2e-70515e6253fe
Karna Abrahmer,04/25/1961,447092.56,41,08f25a28-db6f-4eeb-ab3a-369155438de9
Elga McTrusty,04/18/1953,17646.11,42,6e4e3887-2aed-4b87-8b39-f1a77b3a68e6
Marley Laurentin,11/12/1967,8757.73,50,1688f048-6c83-4823-9d55-6fa48e42e1fd
Elita Mattersey,09/21/2001,802675.95,52,17941fe8-e56c-48b9-98cf-19ba3addcf80
Abdel Horche,08/21/1973,263910.16,4,30a67166-741d-4c6c-8f0d-d14b7305a215
Karina Murrigan,05/21/2000,174284.63,56,4da844c7-1a06-4244-bb36-ec5b57ad7d6f
Linc Drayn,06/10/1973,227327.23,45,3724896d-a5e2-4023-b820-46f002e680b4
Dotti Kevane,01/26/1971,921420.1,30,ab631fc4-bc9d-46a4-a172-dbd990a2ca64
Tonia Mountney,09/13/1987,880758.61,9,7b8d42e4-129d-4891-8300-c6dc9cc4384d
Myles Ney,08/08/1995,361832.1,19,86214d5a-dcd1-485f-9f45-80bce0f83895
Rozele Langdale,02/13/1977,911560.37,13,164948cb-c12d-4ea8-a048-179633c46235
Rebbecca Finker,08/12/1992,111393.16,39,01335541-24c8-45ec-bf5f-b124a8ad12bf
Lisle Mourbey,02/16/1996,581182.52,19,959c2a48-c61b-4223-b9be-b3063c2dd4cf
Van Dudman,11/21/1983,947194.92,26,106f5ae2-74f9-48ba-ad0a-a79e435d4934
Conn McShirrie,04/22/1958,879692.12,23,9bb9cc4f-d887-4df1-b5ac-2a80fd76c2c3
Emmalyn Faill,03/01/1954,327468.99,46,d0e7d6d3-5560-47f8-8b8a-56785e20b586
Christophorus Compton,04/29/1969,30979.28,58,8e2825ee-6311-491c-aa65-154e9c00f95b
Grayce Eastment,03/28/2001,718518.17,4,a823fcd7-26e2-4578-87f2-e77cc41a6401
Rosemarie Hegarty,07/14/1953,833328.2,52,fe09d10f-e9d9-4779-81d5-a1ee03b2b007
Mikaela Dymott,12/22/1966,523413.42,1,02baf458-8bde-4bb7-ad52-2928531a032e
Miquela Nansom,10/06/1984,403909.12,42,6d7b1dc8-6f72-45a6-858f-1233038f6981
Agnella Lindmark,10/05/1954,795804.14,59,10da98b6-ff88-48a8-8ebc-e61f3575ebea
Tersina Bastie,05/03/1983,15680.66,6,c6f66160-f71a-467d-9cfe-ca735446f0f0
Ursa Shevlin,12/02/1973,6907.83,13,800c7005-de05-4099-8386-ba665927e302
Sherri Fardon,09/08/1980,461183.0,51,6563cc4a-c016-4b89-b011-8241cc737f94
Dur Skaife d'Ingerthorpe,05/23/1996,442259.47,51,f44a7a2a-da3a-4b15-a20c-5001e4f36e27
Mella Swendell,11/21/1955,292175.72,23,4c9937fa-6b2d-4e47-a215-7112da95b8a1
Durant Perocci,02/21/1999,212946.55,58,349728d8-362b-4cdb-a639-e74d6692dfa3
Adan Gorgen,08/29/1994,680805.51,19,16296c3c-3517-4a98-9265-29bad47944bc
Carroll Pau,07/08/1967,771366.42,14,67963c2d-e84a-44b8-b774-0c2725625b52
Homerus Salling,02/12/1982,412660.43,28,6fa6415c-6cb8-42e0-ae75-5fa1fc48d079
Joelly Lillgard,05/13/1974,72049.32,6,d74c24c0-3285-4cc5-8f0c-e8752c0503cc
Peterus Wherrett,04/08/1999,748558.41,9,03a8557b-3543-479e-8ac2-a9663aa4764d
Wanids Seviour,06/21/1996,923560.85,6,0eaa74cf-97c5-4895-a5ff-9db241713ab6
Arlena Roches,02/23/1975,919856.18,31,aaa99229-c8f5-4b65-8c9f-a993355a8b08
Cordie Giorgietto,10/31/1996,715802.32,44,fd0a2bd0-a192-49c2-bf43-5490edb36832
Willie Skillett,10/28/2000,352584.79,35,2ae7ffe2-fca6-4507-b200-0a2151e74576
Agretha Martyns,07/28/1986,467957.07,16,9bdb913f-0595-471a-9889-ea6b3ed6ad94
Banky Gowanson,01/07/1971,77459.52,33,0404d0fc-d9ec-464b-850e-294633f8f950
Roxy Surman,01/19/1966,883258.43,57,b8f65699-9720-4cd4-9544-dc9d78e392a1
Norina Eldritt,06/03/1968,807206.87,6,34c05eee-2d18-4cd0-8ca5-fb26bd4ad7a8
Benny Humbell,02/23/1998,53403.78,58,14b4f45e-3c62-4f19-90b9-8067ead543e5
Nicol Upham,11/23/1965,951492.0,56,b90fe319-a634-47b9-986a-08e58e53a1f7
Alfie Kilbee,01/10/1965,550501.65,31,823784bc-367a-4bf8-8019-ddaa7a9bdc29
Wesley Wilce,05/02/2000,997960.51,48,48bdce85-b0da-4c5b-b5a4-ddc006492e6b
Tammara Bernier,04/02/1965,328571.97,13,aee245a6-8ef2-4bd3-8691-f32ba80263d1
Elaine Pattrick,08/17/1993,608934.0,27,8082b9e9-1072-43a6-89e6-25c89d48f59c
Kendre Favill,03/16/1984,72289.43,11,fce063b6-8ad4-4f9f-a8d6-5675c30145ce
Gerrard Leadbeater,06/10/1976,625824.14,36,8416a1be-f97d-453a-980a-117d8008375c
Bucky Alden,04/06/1957,228893.74,57,51e0b099-edf3-45e3-ad83-b5ea167a5557
Florian Jeannaud,10/19/1961,950316.27,50,7d6a2aa9-7f33-4137-9634-4ab14960399e
Jerrine MacKenzie,10/07/1991,153247.01,46,509e6787-8352-46b9-a652-d9be9e998073
Drugi Buckett,11/26/1998,113307.85,40,fb6640b7-178e-4fb3-80b7-9d0ea1a847c8
Niall De La Haye,07/14/1992,492640.88,44,3992467e-e006-4617-829c-d2a98305d3e7
Brennen Wattingham,06/08/1983,557195.27,8,d3b86131-2bc4-4c06-831f-1b0a08d17e5e
Tades Linthead,08/27/1967,82572.42,6,a274c274-1966-42c0-85b3-f258e7b28f4b
Sydney Plevin,10/30/1960,510922.49,51,850ee99d-46e6-4fbf-9978-c0bd1e898f08
Blithe Briddock,07/24/1979,571437.78,56,ec1ba31a-8f9b-451c-8688-706ddb4c3237
Meggi Praill,02/21/1970,206456.76,52,bd3e4fe2-4f92-480c-8e04-214491fdb6ed
Huntlee Kimmings,06/28/1972,962897.01,35,accd47d5-681d-4e2d-8bd0-644e776407b3
Francesca Bows,08/26/1954,996771.53,32,853a2942-5f3c-41d0-b26a-0b902df1f810
Jarvis Poile,06/15/1978,651050.0,24,8d894b17-9780-4947-959b-11b7d28d796f
Standford Durward,11/23/1973,31139.58,26,3f4299d3-1c67-4ab5-a5e1-a6b988478fcf
Thibaut Philbin,08/06/1986,740191.07,11,822bcea1-d86c-4815-ba01-cffe69b99c27
Colan Lequeux,02/22/2000,418669.41,9,a962017f-a3eb-44a0-9dee-5350b318f533
Violette Pennings,07/04/1965,438407.94,21,a47772c4-664e-4cad-8c96-1a8b8cd24ade
Che O'Fogerty,04/26/1982,169710.64,38,bfd410f0-bc3b-4b8a-8276-14f8f1f28cb0
Dorry Diviney,07/10/1957,589829.69,56,3b6d56c8-6014-4af1-9b26-670fcdd814d8
Natty Tondeur,04/11/1996,455124.33,30,3dcbfb5e-ec62-4445-be49-a45e103a2ebe
Christen Madigan,01/12/1969,749205.6,37,eb73bee2-75ed-46e5-a7dc-295748a35c1e
Colly Matyas,11/18/1992,934089.25,3,3c487df1-837a-41b6-90fd-66c65abc51ba
Ninnette Ladbrook,07/11/1998,762153.37,22,290554e0-15c5-4417-a70a-77136b942527
Herbie Abraham,11/12/1970,368712.07,26,c3102eeb-e347-4c21-a658-280de897a4e7
Malissa Maric,05/29/1955,460587.0,10,fbaa8e09-341a-4c7a-8319-f0099ac721a5
Pamella Gregoretti,11/14/1975,549025.21,22,a9ddb0ec-e96d-47a1-b50d-1551cf77e88b
Gaultiero Greenleaf,07/07/1997,650082.44,40,9d52754b-d4cd-4463-be70-4cbd6faf986e
Calv Ludye,12/08/1980,112044.6,15,2c83ea76-6544-48b1-a907-aa4d16c5ec04
Gifford Durkin,07/09/1991,654521.06,3,1a84a72c-0139-4ccf-b388-cf13e02fc7c7
Sindee Pizzey,04/10/1967,830367.11,43,387ebb2d-abc4-4a53-a6df-c7591512b010
Preston Gosden,07/11/1959,550067.01,3,43d92b99-8640-4172-9272-a09153a11315
Darcee Pocke,07/13/1952,287016.49,11,ec7b4dda-a753-4578-acd8-4806e28552d8
Karola Saxon,10/18/1974,207764.11,37,126ae1b2-690b-4bdd-9a81-d2f5f2fc2815
Pryce Dunphie,06/01/2000,804295.65,6,96465ef1-a457-4d73-a035-9eac29ebbf7f
Humbert Mityushin,06/06/1983,64837.24,58,22e84056-7787-43a3-9f61-4c542d017e55
Rosalia Edgson,06/05/1952,135356.17,3,ed4d10c9-d875-4245-86be-3f41f20dff40
Feliks Goldson,01/07/1967,395009.98,45,0e28d8e1-156f-4487-a043-059a393d017b
Konstantine Maulkin,08/12/1966,377286.09,19,5bc1204d-0da7-47b7-a226-e3b96452197f
Theadora Rotchell,03/18/1992,19559.24,6,4985de68-e137-4558-a3f5-3d0506f1cff7
Natalee Marston,02/09/1975,662042.91,40,e006f856-9ddc-4a5f-b8e2-b03235799a33
Kingsly Sargerson,12/22/1970,524902.73,38,52915dae-568a-423c-bb00-133c78b7a2d9
Stacee Kilbourn,01/29/1971,603340.21,39,9bd443b6-12f6-495e-92c0-21ded99ad281
Karalynn Resun,04/02/1995,412599.74,29,0a37b0d6-470d-4327-991e-568ee78197c3
Alicea Dowall,06/04/1971,701855.73,2,bd9b4c6b-a94f-4790-b836-7fcade3f4b50
Petey Burker,05/10/1965,742702.42,16,2e5847b5-b04a-4640-acd4-f1c022fe7ca9
Noll Lehmann,09/28/1975,991634.13,22,0f0e0b30-d1d5-440d-8c87-4601d2aea275
Godfree McCheyne,06/13/1990,726440.62,6,26ed1b06-23aa-4069-b9a8-f371f277fd8a
Sheree Libbis,02/13/1980,105541.52,51,0efda8e1-707e-4b49-aa9f-e8cb5f1bbbb5
Lorrie Stallon,05/03/1955,477829.87,22,aa2f32a1-5ee6-4288-afd3-0539ab4be383
Kearney Jermin,01/16/1990,306327.39,39,e367277a-bd6a-4e3e-8529-ac560e364198
Rudiger Munroe,10/25/1963,267580.03,55,06bd5d72-2337-4bd0-bb12-3e2c7fc2b3f5
Ali Boylin,04/30/1972,272710.13,28,c0490a9c-793f-4042-8042-94e5bc64d2e0
Aleksandr Meegin,08/01/1966,925500.32,22,5dc0c04a-0130-48b9-b807-e8f0efd4b63f
Felicia Lenard,07/01/1966,368040.51,52,12ec6e11-9919-48d2-b5fb-d2c350e5715e
Frederic Clothier,08/23/1994,738652.37,40,4b7b9faf-dfd1-4f82-9155-2b2dffaeda19
Andi Just,06/04/1971,949775.06,55,08747d9d-4912-4f3f-9409-9f0916b6f61c
Stuart Dimberline,11/08/1967,417059.54,39,5c3bede1-a3ee-41ef-bdf0-3c400405a67d
Tania Antrag,09/14/1975,328754.25,28,52a89c0b-ac1a-4694-9119-6446aea63eaf
Benjy Bennison,07/11/1986,519575.85,2,9a935fd1-a1ce-4cd2-a491-5bdc30ce8bba
Rafaelita Manilow,04/16/1988,887340.5,35,a6d7a725-50aa-488e-b185-1100e265b0a2
Christean Robertelli,11/07/1960,56721.23,13,3bcfa750-3ef9-4985-8ea2-32d806850db8
Idalina Manser,05/08/1965,232650.88,18,2246eb05-c038-44f7-be3f-cc9bf2a2b815
Josepha Divall,06/02/1971,7846.89,52,dc8e1ac8-3ad5-431b-8c8a-09e8f8df278a
Bren Pickburn,10/05/1973,771472.05,60,dd37192d-d818-4bfa-a39a-dc202346ff8b
Aeriel Roddy,12/03/1983,306568.71,4,2a34bc04-bf86-4030-9a37-a791ed897fb7
Tana Christian,04/19/2000,305513.5,57,4004de7a-81d5-463c-8733-02a4776571b6
Raf Colafate,10/09/1989,397826.85,42,c240c162-20ec-4307-876a-e0424b3bb367
Randell Ballentime,08/16/1966,783079.79,43,184f3d04-3b28-49d2-8e21-655567896dd4
Molly Mounfield,07/27/1966,924328.6,58,e2b825d0-fa46-4ab6-9e06-942144787982
Vernice Few,09/17/1970,506685.13,43,c575f63f-d2b6-455e-9624-b1cd3427924d
Rosalyn Boorne,10/15/1982,880837.74,33,08cd3fe2-9290-4f41-b514-977d170c7dff
Martynne Wornham,05/02/1978,460765.55,42,b9a46101-524b-4220-bc13-483615f24579
Coralyn Minillo,10/28/1952,207892.36,43,6cf509e6-3201-4c7b-99ac-677077fa2b94
Bevan Vearncomb,07/20/1973,225284.91,37,9befca84-4fac-4cf8-bc78-ea723ab4d7ff
Harmonia Scalera,11/14/1983,24134.14,6,6f647afd-be94-412e-9096-bb4a213a1081
Marji Keveren,06/28/1973,337923.41,19,cab0f941-4d20-4b79-bf0f-65872648a0bb
Morgan Crome,07/27/1988,245151.21,21,a257d8c8-8ddc-4211-ac91-8a90fb74629c
Charity Copping,12/25/1969,192070.56,60,18e95f7d-9279-47f2-b542-e2464a83dab6
Alvinia Kynd,12/24/1982,936779.65,51,c2b7d60f-1029-430a-9fd4-d474a638e196
Sherilyn O'Fergus,02/27/2001,600017.46,40,bff9acc0-a9ab-4c9d-bf12-5184accb3eab
Oates Vittori,08/04/1978,74694.02,3,f28c22f9-4600-44ed-8f45-5d6dc6a1e91c
Lynde Rennebeck,06/18/1961,404854.94,15,2e77332e-0a27-4d65-910b-80cc9ae54564
Durand Kingswood,08/16/1951,382744.6,17,bad0c18c-3117-4938-88e7-7bec382dd569
Rivalee Korting,03/13/1989,534607.97,27,e8388a61-9e36-4345-9658-cbe3c324c874
Ernesta Mouland,07/12/1972,621764.66,17,46945247-b48b-477d-a185-eaf8bce981f2
Junie Yitzhak,11/30/1981,34836.61,24,126ae618-f208-4daf-b8ae-544d08515fb4
Lucie Luc,05/23/1981,949851.59,4,d41a5875-2609-4e32-b20c-5b8916c2ad52
Arnuad Hamnet,12/04/1975,315510.31,8,ac40ae5c-841c-446f-b454-ebda7b47e65e
Hedvig Realph,01/25/1955,70111.3,6,b09e86f7-5fb1-4314-90b8-643e8c4e4bda
Laurette Traill,04/17/1997,267501.98,36,636c4349-d5eb-4338-b3be-07b33f2c15f6
Nikolos Aharoni,12/12/1977,797951.54,17,d13a62fb-38de-4df7-aa28-4ad2f0931693
Arly Demer,09/03/1955,432194.11,33,f2e60f3d-4a51-43a5-8825-fb380c6d45b2
Katusha Weatherell,06/22/1975,182976.26,31,2db8b87a-3dc9-4c63-837e-8e20fd85524b
Roslyn Causer,11/24/1990,483921.56,51,e4fa8e1c-9dfb-4e87-95e8-a74ca531b952
Vasily McKernan,02/07/1990,372499.37,11,54918465-0c5f-4cbd-bbff-9c16fc51868e
Abigail Warricker,11/14/1975,697742.53,22,085a96a5-b956-4d82-b7da-1698837bc0d8
Nettie Brosoli,07/31/1987,173369.52,19,5f156e0f-410c-423b-aac3-cf7a2fd7ed31
Dyna Deakin,05/24/1970,937940.93,37,7707b9ce-4c08-483c-93db-b271d0aca77a
Kelli Venton,04/13/1980,558475.0,46,f5c86f56-f2f0-4cef-b155-dc2dc77db19d
Chance Hollingsbee,01/05/1956,765411.47,13,c7b923af-81e0-4bff-9ba8-e5531ca51b92
Dalis Maulin,12/14/1953,102652.0,35,3767202f-0144-4c39-9dc4-d4cd2250844b
Joyous Matokhnin,10/29/1976,912004.48,26,3dc93569-3f4b-47d9-b16a-4ea742340bda
Marielle Tomini,08/21/1996,716497.58,45,f8dd95b5-7c04-47b1-a797-77889bd95cdb
Godart De Hailes,08/01/1995,345161.9,57,afbce09b-b302-477f-a36e-cb5136d9a20c
Jimmy Clow,05/24/1957,666466.98,5,d960424a-e5ef-46af-89b3-dc1810d92e3e
Scott McKerton,03/28/1968,460109.47,60,e11ffe2c-530f-4291-b51e-a850948d0add
Laurence Comrie,02/14/1997,215215.67,52,d5130376-6d37-4244-a632-1668f3ff680a
Sofia Flude,10/18/1957,96109.63,58,8741e56e-1547-4ddd-bd3b-fca99bd69fbb
Patrick Wilne,10/03/1970,842471.23,3,39118e24-b057-4282-9f34-7d9a414b687f
Janeen Drugan,01/06/1990,281878.78,16,adb6dfcc-0586-4c3e-80f0-ec00d71c9a40
Aubine Lawday,01/11/1959,379328.63,12,f549c839-b71c-43c8-8b14-e65a3a327f9b
Merilee Abbes,06/28/1977,808273.33,47,e672fab0-71b2-4381-9737-e857e00a919e
Bram Southcott,08/06/1985,415202.96,50,4bac35ae-314a-4860-a09d-429b705e2fb5
Mercy Stimson,02/28/1951,473535.0,2,568305b4-04c2-4391-998b-2a4efa52bfd4
Lynde Kenrick,01/08/1991,155175.53,28,9bf7099f-e380-4106-a974-95c2c6c893aa
Ike Challenger,10/05/1959,608070.92,25,1c51e057-4c9c-40a6-92d1-eb1a0e2f9aba
Arlena Louder,09/07/1964,463178.29,12,c448c9e9-3454-477a-a155-0853145506b0
Milzie Padson,07/24/1986,634145.77,36,06dcb132-1015-46c1-8bbb-87c9f1ab9aeb
Roi Mulgrew,02/19/1987,469221.4,41,af93cca3-06a3-4224-b558-30d0a2de15cc
Graeme De Maine,10/02/1954,362801.89,56,fe1336cd-ddcc-4d3f-9bd3-346767882ca0
Malissia MacBean,02/22/1998,174685.13,13,90ac7060-d248-49c1-b008-8ae37ad50481
Ebba Chamley,12/04/1993,600817.4,19,df2c9384-2807-4c76-afaf-a2cf23267d2d
Gratiana Sleightholm,01/27/1959,399499.51,50,f558142f-449e-49b7-9e1b-33d70c354bc3
Isidora Ambrogio,09/21/1977,429439.99,47,5eb419ea-5bdb-4937-b39b-b9a694403546
Mendie Rosenbush,12/12/1951,553474.09,12,85c93ae3-5f68-44dc-bc3b-d2f6bde14b98
Elora Midghall,12/23/1969,613643.89,7,bad2888b-7a52-4575-9fbc-4479b2eaff0e
Aidan Amis,01/26/1994,755910.19,7,77eedc29-c2af-454d-be74-747d8f6c4563
Fanechka Dewey,05/29/1994,415330.88,9,dbeaf1f3-f502-4df8-98dd-6d8cb0673444
Gibb Thomasset,08/31/1958,628539.42,47,b5177c1b-292e-408b-b0e8-db278b34c958
Todd Baude,04/02/1959,168477.3,7,e211effe-2149-46d4-b213-2f18cfb14820
Yancy Gready,11/07/1971,26512.82,37,eeb1a845-c9e5-4c5b-b9d4-dbbc381745c2
Daren Sellars,04/17/1957,832572.18,28,5effdcd5-1c50-4d1f-a77c-aa9982d4819c
Terrell O'Lynn,09/24/1988,983344.66,36,d0be6ce2-9194-40a7-a3f8-ccfefff6977a
Hayden Revie,06/06/1969,994767.83,37,ca1a596f-7a85-4ede-a642-f9c3bbda5074
Ray Conkling,04/12/1974,518993.46,49,cae0d6be-26d1-4b33-9491-be45ffd0968b
Diane-marie Guichard,07/06/1997,869651.22,28,2e413b99-d0e3-4407-aa30-8e76c85bf923
Harp Degenhardt,12/21/1982,636393.86,1,3ff4ea8b-ab61-446a-8192-af320bd27974
Cacilia Rahlof,12/23/1980,100572.56,27,aea3360d-b089-48c6-a7cc-e4339f2da9ed
Arni Dominico,11/27/1955,81584.46,3,f4925160-9ec9-4df9-9699-20b7f22cdc61
Lanny O' Mahony,02/03/1956,705963.58,57,169aaf67-e709-400b-aecf-19dcb7449e7b
Adham Hryskiewicz,01/28/1987,431851.42,18,6c86f441-de9a-4fea-b242-fd1c47e0782e
Ari Danis,01/17/2001,910625.37,31,d9738a64-f6b8-4a0e-ba2e-780775a4d418
Davy Dhennin,10/28/1987,632795.71,44,76afee4e-58da-475d-9fd0-666b60195f31
Nestor McTrustie,08/08/1965,75741.33,47,0b111965-3720-4eab-95ca-9640dc5c7a1d
Coretta Ivanchikov,10/14/1997,856136.44,49,c4a92eff-7942-4929-8c29-5f5975a97557
Obidiah Noon,05/23/2001,546831.57,21,afd9957b-744c-4c95-9e5f-4849051e7ad2
Tracy Dawe,08/15/1983,854168.2,50,6ce78b30-fbb5-4a2a-8fb6-dac63e33e539
Alf Kirkland,04/13/1997,291676.2,10,d8706f8e-b748-4c94-a73b-827954b3062d
Alexi Barsby,01/23/1992,929692.92,36,f760a930-f6dc-470b-a830-97c09ece780d
Lenora Kenneway,04/24/1976,85598.72,7,e034d4ce-c975-4311-b66b-83602f014514
Madelle Stening,01/13/1991,235511.63,60,e294185a-3fff-4ae9-85c7-be0f5ee8c16a
Erminie Bassam,08/03/1991,852862.27,23,ae6984f8-566f-446c-9177-8d94727df9f3
Berni Schelle,07/19/1964,607534.12,15,50071301-2e06-45af-8519-d81f79f71ac2
Mollee Malin,03/09/2000,44283.26,37,6c4307fb-f18a-41e9-9f02-968071ca6dcf
Brennan Duchan,06/06/1952,787280.54,26,2386f660-3c2e-4f9e-a490-73e2c85775c8
Michaella Roussel,12/20/1969,329.03,47,0773db75-819e-44fe-a95b-a2748abcaa22
Dasie Coners,07/23/1996,959266.8,10,a1b6ce2e-156f-4aed-8235-4d665a0e6bef
Kikelia Moncarr,04/29/1964,377589.46,13,ecdf5c0d-25c5-4d7a-b8e2-f229136b9bb4
Cori Perrett,12/05/1968,858926.73,5,38f2332f-80f9-4e2b-84bb-0b801ef1b51f
Joice McVrone,03/13/1981,192796.26,60,6313be76-5be5-4f9b-b420-aca20fba1677
Jori Philipp,06/24/1964,983410.74,31,3cf6981e-c763-4eb0-b4a6-87e28ca399c9
Aeriell Gainfort,06/27/1985,439852.6,16,7d4d3fc9-7777-4cc3-8fce-1e5359e74e36
Jillayne Patrick,04/07/1977,143650.79,52,a53ef201-8586-431e-af99-af6f7b805a2c
Phillis McCahill,01/28/1969,651485.9,35,99ed74ef-1a21-4e86-b5bf-321050dfeb42
Leonora Berrey,07/03/1955,322736.04,29,75d31e80-5446-4316-b736-be00d5633d0b
Verge Gillivrie,10/15/1981,901998.18,27,1ce3b602-503e-4c84-8250-de97e2514bff
Cooper Rattenbury,12/07/1954,673023.08,2,115f88f3-d2b7-45e9-8f2a-00d12fe3c5f5
Elfrida McGairl,03/19/1954,985668.95,25,ede6efea-2f1b-4a95-a241-8716e57bde4a
Pat Jevon,04/22/1997,855924.88,58,6c13de8a-07a0-488c-bc0f-a2300726b0bd
Rois Nattriss,08/18/1962,893037.66,5,ef05abae-7f41-4122-9aa0-ed061b38b01b
Ransom Hammerich,05/04/1995,777194.0,50,f79a1518-cd98-4d55-9815-8be5b3dffd6f
Bing Banker,05/23/1966,764289.0,25,0bdd6f66-08a7-45ec-931a-9d88de366990
Shelby Borley,10/19/1960,937082.0,46,550c73c0-d30c-4b62-929c-4b49a0e82fe9
Janith Lochrie,08/07/1965,226057.91,38,5a23ca41-009a-4cdd-9430-a4a3c9babae2
Joellyn Joist,04/21/1980,197302.77,30,07e6224e-4ae9-4404-b601-fd1e3108e60c
Jeffie Danell,02/24/1963,925312.28,41,8054b792-c743-436a-a7aa-957a4f03bb87
Tally Gregoriou,11/12/1972,352083.24,28,c6c12f3f-7502-41dd-9f92-662679ecf8db
Shaine Hubbuck,05/16/1964,263188.76,39,8633bd41-3143-4103-a0f2-867ced67f2d1
Fara Tremmil,03/13/1980,426366.96,44,87e35c65-352d-42d7-bc4f-f6fb670d6f10
Kerwin Hinsche,03/04/1984,749421.08,4,880b1ade-7d57-498e-be45-505da20b9245
Chet Wahner,03/29/1974,570994.49,1,f34d447a-4bfe-4b26-a256-660e820a7788
Bendix Rudwell,08/13/1960,507667.53,48,dc117a22-6b15-43eb-9c4b-08643cfcde4f
Shae Raddan,04/26/1990,675483.17,42,e014d0c6-89c3-4564-a612-d306df27e527
Arlena Romagnosi,01/17/1981,702701.85,29,08e1f42f-414f-46be-9c58-78d27460eca9
Honoria Grumble,11/24/1961,459190.6,8,6a4d3ef4-1bcc-4c92-9271-a998bfb5f52c
Liam Botright,04/07/1998,919969.42,27,3d94a93a-f451-44f5-bad9-8d421406654a
Dale Hallmark,08/10/1959,652926.73,23,ea10bfd0-1fb4-48bb-8ed8-0b18435236fc
Eddi Alpine,10/02/1988,609578.0,36,9bbae21e-f6cb-4b0c-9fb4-bf29cb7d562c
Jourdan Dixcey,11/27/1996,977441.86,39,1d18c7b4-6671-4e0e-b597-3fdfe72a0006
Nariko Perch,10/12/1979,266046.27,15,949add95-1487-40fd-b9e5-5ac1716337f1
Jerrie Rangle,01/16/1997,953231.21,34,501d42b2-75d9-4480-b6fb-37c920b27a45
Osmond Gynne,02/18/1957,569849.02,39,6fad013b-5c9e-45a6-8c13-7135564ec318
Mauricio Alexsandrovich,06/28/1958,333092.0,33,dc9a9443-0ecc-4837-8b4d-ff290a04be7b
Coretta Boribal,10/15/1958,486465.96,25,97e5ac3f-aedf-4e92-8265-68c1dfd817f6
Jaquenette Worham,02/16/1987,848960.73,7,b369fb41-9b2c-493c-94ac-f7ee7fb1f5d4
Hastie Yelding,10/02/1989,382478.57,33,a979c4e3-6c91-452c-991f-555833906f57
Donielle Tours,10/25/1983,399681.02,31,983199a5-76d9-4ba2-af71-58c2276edfd8
Claretta Aireton,01/27/1994,289494.12,39,85f7dd1e-00fd-43a3-93c8-4d801d2a283a
Ardella Kiely,10/23/1993,139158.06,56,9867a927-39b3-44f9-b6d0-9f7d9da805f8
Olivier Northage,10/01/1998,928917.34,21,01ebcd51-0439-4271-82c5-69a6176d516a
Clovis Eliff,01/04/1988,696171.55,39,5ee7d6b1-445e-4985-a1d7-4d577e283ade
Forrester Fullun,08/10/1958,342297.02,50,00de854b-546a-44c4-9a01-b0d3a53a6edd
Townie Di Bartolomeo,01/09/1969,159216.05,33,d83241ae-b35e-4cd2-8dc2-8e73fce954c8
Dorrie Mixhel,06/01/1994,850284.53,22,8cff5e54-ec9f-4791-8e2a-0a554e090bbc
Damian Biddles,12/31/1968,842244.25,22,6a917fd4-2649-40e4-a226-1d03585d1944
Jacquelin Gravener,11/02/1991,955477.12,12,9ecca842-e1b5-4b89-9327-511f8787bd04
Roseline Giacovazzo,12/06/1955,478663.14,23,2aa554af-d681-4877-83b7-c0af7994c163
Inglebert Jovicic,04/24/1957,253643.99,14,5c396a08-fdfa-4c21-afa8-ea9fa404225c
Gui Freiburger,06/05/1964,575767.19,51,4a3e19dd-380b-4bf2-89d9-885672a7e67b
Sula Ghilks,12/30/1973,711096.28,43,7a38427e-a48e-4ced-9243-bc29c5161b4b
Son Schiell,02/23/1981,206869.82,4,18295fc6-c966-49ac-abcc-a1ec826e782a
Fritz Watters,08/19/1954,438904.63,13,76e955ff-a709-48ad-9777-77d17e6ad43f
Zebulen Dreng,10/07/1963,220911.15,40,7396f58b-ab61-41e9-9432-ce59bcfa8f12
Freeland Dwyr,12/14/1992,699627.08,51,0d8c4cf4-391c-4512-98e6-65de14781e3e
Tommy Pound,11/15/1951,188845.32,12,ae390d7d-2a0e-4889-ba5c-4c4e909b60a2
Donnie Gorey,10/08/1965,519500.5,22,e664531f-f267-4f8e-b7e4-e5cde486db47
Rubi Bourgaize,02/26/1968,367223.58,1,b75da766-8e85-4fea-a4b1-3bb71ea6e0f3
Virginie Cardinal,08/28/1956,839185.88,54,43aec8fe-aa4a-4e0f-89a2-093dc2634fe5
Durante Wogan,07/17/2000,203800.51,27,1ff4b841-8f34-4846-8857-120a018743ca
Maynard Sprasen,09/09/1976,946925.34,4,8baa369a-e885-49cd-80f8-52028edb6944
Mitzi Haselgrove,05/13/1990,425013.31,36,c9536ed5-0187-4a7b-9cca-9af71a55bf13
Cristen Overington,02/07/1970,880311.64,12,4068a4b2-0024-4ddb-8d5a-6d25e4991974
Rakel Seeviour,07/30/1983,897607.12,46,f21ebc9e-8957-4d82-91f7-b82075ae191d
Dav Dugdale,11/12/1958,194673.84,46,01b603a4-5d9b-48a9-b395-eaec57cdca23
Herbie Van Baaren,04/11/1981,839437.35,52,44775661-5453-47c9-9de8-bae4f2ad8811
Irwin Chippendale,09/20/1965,676302.6,35,3d4d5bef-1314-4795-9f50-793cd0a99626
Lidia Belderfield,03/14/1998,525329.33,3,8f2b1c1d-c297-48c2-8fac-0fa3f6342bae
Merl Bartalin,06/29/1958,553942.59,44,e0e3f8b0-0e38-43bc-b0be-4e14ebc031bb
Abagail Tordoff,08/28/1990,795543.92,2,c8cc77bd-2deb-40e6-8937-f9e00373f521
Cristionna Crozier,04/03/1990,94040.77,8,ed95b3ca-73cf-4d20-aecb-31874d41378d
Carrissa Itscowics,12/13/1987,493545.04,57,e1c1a4bd-f289-45b1-b8de-de4730b6e2d8
Estrellita Jimeno,03/25/1952,474776.33,51,46bd2e94-5035-4bbd-b113-8e0fdbcbafe3
Brent Duxbarry,05/09/1977,791053.34,8,6c431e32-fbaa-41e4-bede-da9d065c5b6d
Carie Siggery,08/30/1995,461432.4,30,3f7db2de-37d2-478d-a439-cea4c3107c2a
Brandice Chugg,11/28/1963,436834.41,28,0f94fa77-a9bc-4d1c-8341-2f00c5de69b5
Valentine MacClinton,06/11/1974,129639.4,52,706933c3-97cf-4fd5-b302-476c90b2cb59
Bartlett Johanchon,02/05/1987,498345.76,2,dee0de47-9fc5-4c76-adbc-3d6fc0fe55ff
Hilliard Jursch,07/25/1966,88447.2,54,0647ea4c-8b7d-4d83-97d0-1120c334e031
Levy Maxwaile,02/29/1972,974005.47,42,eef9a0a4-1901-47a9-a1c5-1f3e164d979e
Dougie Denisovich,01/18/1967,420496.13,26,1f09cf1d-e7b9-4cc6-8457-f8df759a65ef
Tamqrah Duffit,07/09/1951,270086.84,38,feea2bab-77e3-46ef-80a7-df748d5fc7a8
Sheffy Kestle,07/16/1958,291357.39,38,29a66903-3361-4aa4-9fea-1eab29cc9c9e
Sharleen Tabord,04/28/1963,855774.4,54,c14067de-7de0-4f57-9132-c2e063f681e3
Nickolai Fairhead,04/17/1992,442686.38,31,4a26831b-407c-4f74-8a93-9f3a274cc46e
Schuyler Magauran,06/03/1953,740488.35,32,224e2ea2-65a9-465d-aa37-6932493926c4
Enoch Sleight,02/17/1977,657818.65,25,2a3b0b92-0586-4566-a1cd-e96f580602d5
Nissa Sumpter,08/04/1971,231068.62,17,cba17439-30a6-4ce8-b4b6-9d31efdf600b
Klarika Guitel,11/22/1974,3075.66,36,e96ff074-3c77-4708-8273-9d94de0c7cb7
Leshia Sparshett,10/26/1999,478201.84,50,99eb37ae-1288-44ef-aac4-47fea03619e9
Krispin Kaasman,04/12/1985,474666.49,33,31ede994-8843-4442-b898-27bf6ae298e2
Drusilla Pedroli,07/31/1994,237781.41,12,1f18852b-6785-4a2d-9239-76ae61c06df1
Shem Hennemann,06/13/1996,213470.81,29,09621fcc-bda4-45dc-8c61-24506c318c61
Alexandrina Orht,03/17/1998,360907.28,46,aa97e63b-463b-434a-b32f-6fcf9c1cca78
Hansiain Brummell,02/10/1988,502574.5,58,19472688-c0cd-45a0-80d3-b9dfb210ef2e
Kailey Vowden,03/06/1991,546786.42,29,03f66275-8f88-4e34-8f19-5c38838a80bc
Mignonne Lubeck,09/12/1977,623033.8,42,589057fb-81c2-4e0f-8659-b933cbc5b7a7
Janessa Olander,07/28/1964,486551.18,14,38cf35c9-4c7c-4e77-af78-adee045dfdab
Tarrah Baigent,03/14/1952,709653.44,9,b3edc867-0b23-4106-be85-0d1401f53774
Ciel Wloch,08/08/1997,971799.39,51,5455b081-0ce9-4b37-9fbf-852b0902c211
Janos Djorevic,02/03/1992,137767.75,56,2f65ffb3-ed14-4d2e-8ceb-eb6db64e45b9
Leeanne Bonnick,07/10/1989,509444.93,50,90857997-d510-42d5-8539-f9bb6d9d36c7
Sharla Rudderham,03/03/1955,50391.96,29,e5f05626-649d-4274-9295-3f409e356de5
Tremayne Krabbe,05/30/1987,478943.58,1,f1760907-46f3-4adc-a7ca-83137804976b
Cord Lafferty,08/21/1996,142297.86,10,9966057b-f49a-4fd5-81dc-3cb7efb30d98
Jilli Drury,08/29/1983,144865.26,46,561bd247-35b9-416d-b763-b791fbd99f31
Nananne De Cristofalo,07/09/1952,13872.76,22,578fbfd2-c771-47e6-9ee0-5f1abf5145a0
Aleece Firpo,01/21/1983,974800.06,42,e0417d0d-42db-420b-8ac0-b126367ebb70
Lois Klaus,12/15/1978,234774.16,33,ee3fdc66-cc6f-402e-b47d-b7ed91903928
Hercule Herkess,09/19/1958,670884.05,28,2e219fc0-d008-470f-9a8a-142d251cc414
Gabriel Myhill,10/29/1993,216627.27,3,b755f98a-41b8-4894-a870-e025acef5541
Octavius Tomet,10/14/1951,762879.57,37,b5809ff9-083b-4d64-a4c2-9f29ef216a68
Wilbur Corkel,11/19/1962,224204.85,5,57ba4bd9-3e9c-4f4f-9b85-1755825841a7
Jonathan Greatbach,08/27/1973,806404.09,53,d8f77272-53e7-4931-a47e-345c1e24399e
Clair Artrick,06/21/1961,925130.88,35,260e2840-c690-4a76-be6b-416a6f72f104
Alexandro D'Andrea,09/04/1972,869601.16,12,45912e14-ece2-44a8-a1a5-80e56dee66d9
Lucina Slayny,04/28/1997,231339.63,19,36977f3a-408e-4c54-ace4-a9aa368c8a7f
Keary Greed,11/30/1961,447177.38,53,0e6e3b8b-ffea-47ae-a670-92b84bc75248
Lotta De Wolfe,01/08/1965,19944.18,31,e12574ad-3716-4a49-8271-3ef5ee43b345
Krissy Matanin,06/18/1975,392315.85,16,b2b41720-83eb-4746-a8af-8216e61f7d42
Munroe McKilroe,06/11/1981,462147.05,27,fbb26482-b56d-4450-93dc-a8101d10465d
Lizette Paulillo,06/20/1975,728896.87,58,17ab98f1-1dc4-4cd9-9a9b-7beafaaddcc6
Letitia Pinder,09/06/1986,866277.68,15,eae50715-c945-4580-acba-cefb05ed8a58
Codi Shevlan,11/11/1951,435259.0,53,6bd1e320-dc70-46d5-8cd6-6188fe77508a
Tobe Dradey,05/12/1958,229796.31,26,e48bc104-7dea-490f-b8bd-62165ff7c9ad
Neils Guilayn,10/17/1971,185319.57,46,8cdf4652-2010-4baa-aee9-6bb71aad1798
Ogdon Goldspink,03/24/1982,67187.23,51,f7d0deb2-d5a0-4d69-a5c9-623f4401b310
Eilis Trusler,04/22/1991,809015.6,33,e88d9b07-0f3e-43da-bb01-5f8f129ad421
Simmonds Leaves,06/12/1995,952879.7,15,83ed6c56-a32e-42f8-b9a0-74defc3e09de
Jacky Lamdin,03/18/1952,324799.04,6,caba23ca-6bbd-481a-8fef-0826ab62157b
Norma Dumphy,01/16/1954,915600.38,18,92748ddd-8df3-4cfb-b4a4-56de3e14400c
Dita Gland,09/21/1964,125556.01,6,6fef5aeb-be31-4978-a81c-afb23acd9be7
Amalee Baulk,05/11/1997,621471.27,49,1fe384c0-9332-49f8-b3be-b11426864aea
Norine Ridolfo,01/10/1965,356802.18,57,f37b4bdc-c74f-4efb-8e3c-90443f934666
Brooke McLeoid,10/24/1979,646113.11,6,94ac0907-030d-4101-9873-e964c187628b
Cindelyn Waison,07/09/1952,834341.17,16,d1062f6b-80e4-43a5-8b4d-a288b4c1d9b3
Joletta Tenniswood,07/01/1975,682463.93,35,a1415c15-095d-4d01-9451-c8358872dfd6
Harry Matyukon,04/18/1962,72537.99,56,9f8fb877-8b31-4420-9252-12df5383587e
Cherie Brient,09/23/1978,739644.97,14,bf140e63-c662-4a38-ac43-319543e16df1
Fons Galer,04/28/1954,521323.62,6,2b8216ed-8e10-4c9b-b255-127f388329e9
Jacky Cheak,09/15/1999,910205.85,1,884b1d0e-5c47-4535-b4e6-a13eb4f0fd94
Lilllie Cockley,08/05/1955,190994.69,43,aa90cf25-9a24-44f3-a49a-f321bf508fb4
Donnie Pudge,01/01/1959,962820.01,16,cc2e017d-def9-4a76-beb5-dbb556619d03
Nannie Clowser,03/15/1983,932503.73,47,9eaf4ff1-45a3-44c6-aa92-21a7be396df2
Bernard Kimberley,06/27/1958,423033.9,19,869aa7da-a970-43af-9dac-a44dc118f8e8
Swen Loyley,07/22/1955,874521.23,52,2c3ee140-8e9c-44b1-834c-213a612e062d
Ebonee Gebbie,12/03/1971,906599.0,21,85694559-acea-4c7e-bc3e-b3c2b70f14e9
Anatollo Drage,07/20/1991,338821.45,39,389f9ea5-b883-4273-b51b-98d27f37a515
Kristi Farden,07/13/1978,179068.98,38,3aa34396-9f80-42bf-86d5-147033af6e98
Ninon Byforth,05/10/1994,938921.0,37,f67b9b4a-3f94-4a51-a35d-51ede1818042
Carley Prangle,01/12/1997,879860.43,7,aed6bb19-6844-456b-bbfd-f824a298e2c3
Sidnee Doe,03/04/1957,197260.78,47,fc61bf41-5bd8-47cf-bdf7-95571da75520
Derril Jodrelle,10/31/1989,418005.55,10,c32a292f-3ba2-47e8-b7b9-a61f8ab29ffa
Neal Venus,05/21/1961,754446.38,10,13d46995-58c8-484a-93d3-baf9f87f5a26
Jodi Scollan,05/13/1999,70687.25,20,5cadda77-ed1c-4070-a10f-4d0916683d70
Timofei Bagnold,03/30/1984,359316.31,1,8a0e02ba-69d0-4fe9-8143-117e8ec15669
Georgianna Jager,05/06/1990,585410.6,48,4ecffbea-fe69-4394-b25c-2fd40c12090d
Arlene Aleso,12/15/1984,79735.62,31,1d355234-f867-432f-984b-67d7a0f8e8f1
Fanchette Matousek,04/21/1961,893536.64,10,b9961b0d-3160-423f-b7e2-c292a89d08a9
Ginevra Henriet,11/26/1983,186162.91,28,35794996-8273-4a6a-8648-1330b5fbdcc3
Meier Warbrick,04/29/1963,155077.12,52,cedf476b-00c2-4538-b1bf-a63c9f7bc8e8
Helyn Bohills,07/28/2000,263370.36,54,e756354b-30a2-4ccb-8f22-cf4267671c53
Nataline Manders,04/29/1988,837977.27,58,2abbfe9d-763f-4bca-a990-8c43cc292a9e
Mae Kennagh,07/03/1963,664892.6,16,76d8cf14-b694-4375-a176-27c73f098d15
Symon Tortis,08/25/1984,943318.27,50,35177285-3e80-46b6-965b-bf86354a22c3
Georgina McFeat,06/29/1982,355393.82,10,9ded9645-d255-481c-93f0-14a63a06cf2e
Cordula Lagne,01/21/1989,564376.35,28,eb91234f-cfd9-4750-924a-fccfe0e4f772
Case Rosensaft,07/24/1962,511327.81,8,1972fc45-ea3b-4a44-8734-aa0448917b31
Ivett Duchart,09/11/1979,175403.43,17,9e6ceaa4-6ac8-4de5-975a-534dafb14c9e
Lorelle Tinsley,05/12/1991,928777.88,11,e575ea53-7844-4fcd-aeb5-9568a04cf6e6
Stefan Hasnip,02/06/1991,384018.94,40,e61894fa-ef06-4574-ba7b-5e61cb5908e5
Gabby Edgecombe,01/04/2001,130902.76,5,c0d879cf-aeec-41df-819f-5a6d7df76292
Dalia Rotherforth,01/26/1956,302384.53,46,a44e9b7d-ff2f-4b5c-ae49-6e9eee65f392
Marigold Lomond,12/29/1958,755918.65,11,a2da0e6c-6d9b-44a1-8d03-fedc6653520b
Aurelia Thoumas,07/18/1968,399332.08,43,b687a1bb-800a-4bb5-a2b4-212573365dbd
Therine Darter,08/19/1970,121559.48,10,4ae26b84-e5e2-4b8e-823e-88666a70ec14
Maxi Lynnitt,02/09/1981,569077.31,46,d73a8f6c-1c4a-4841-9dfb-e90488d791da
Rabi Mirfin,12/12/1982,32419.39,50,e861b713-ceb5-4028-8481-1f42356e094d
Catherina Redmond,06/03/1951,534925.77,18,03316ef9-98af-4e84-8d72-960b3ab4005d
Sandy Cherryman,08/01/1977,910177.19,12,8252a249-ee1b-46bd-b1d8-de82f2ce0c13
Reeba Cathee,10/07/1985,116757.68,7,ceebad5a-da3f-42d1-a7ce-345619b1a383
Jere Di Dello,05/30/1970,378737.87,55,9300074d-d2fd-4ca3-8afe-eeaf6f179a02
Wernher Stockings,04/24/1959,943738.37,38,48dfcb8a-c936-470b-b579-f105eed67603
Shela Bordes,03/23/1976,577710.48,26,2101eb88-3805-450f-a02d-5404159a0d28
Sybil Izzatt,06/26/1957,552403.59,60,77e7613c-305f-446e-9108-54b60fb249cb
Reggie Keys,12/26/1969,159727.91,4,c79bb997-5dc1-4e30-977e-09996bb53e51
Faydra Reedyhough,06/07/1985,567590.28,18,0895de50-2fb3-4692-a414-ca11bff44696
Megan O'Nion,04/28/1980,835583.48,56,bb9c4966-953f-4af3-b56e-e05a2685ade8
Shoshana Brunsdon,08/23/1959,429402.07,58,336e75ad-d860-4315-b09e-80ff96aab2d1
Kelby Downing,10/30/1998,163098.44,12,7856b902-1201-4385-9e9a-54f5a048325b
Grayce Menel,03/14/1974,223183.81,18,1f2bf77f-c4ce-4e8a-87a2-57356f8a7e90
Bran Nealand,04/09/1969,922467.89,12,ed0800d8-9cab-4a7d-9dfd-633e7a073c02
Steven Ivanonko,11/01/1952,735808.84,1,b98e7be5-9d20-4925-ba53-2feae42c74e6
Cordell Pashba,06/04/1963,534201.31,17,c78bca32-1d94-4cc3-9ab1-75aa491a65bd
Ame Eastes,02/08/1992,655121.87,20,08acba82-d8e7-4865-a802-6793522e5729
Lilli Mibourne,05/14/1954,593361.85,26,805ade69-c778-4589-a244-d028333811c3
Penny Santello,03/10/1968,775420.44,17,73022d90-d368-4ddd-8982-71174aae6b91
Stavro Goodge,06/30/1986,901112.55,33,880afd75-1ef2-4302-8919-f9aaca5a6bd6
Hasty Melley,09/21/1989,832881.68,46,59da6811-62f6-45ce-b9d8-53e24063e9f5
Mordecai Mechell,09/09/1983,59786.88,25,e4ed0290-915a-4fe6-a5df-5123279f75b8
Ode Hoxey,01/05/1957,557870.59,8,00d9c71b-0307-4ce2-8ad2-40013c341103
Garek Dreng,01/16/1995,823430.15,56,19ace851-491a-41bf-a35a-3f829bf64aa0
Leland Cutchie,08/12/1991,662221.03,42,688e1059-ed34-46f2-ab5b-480009c475e0
Germaine Ingree,09/08/1988,560415.0,18,0b00547d-4821-43b5-9688-c84af67e9b92
Wallis Jinkins,08/07/1957,82182.69,38,6eb7cdba-2cc6-4b83-896d-6633903d7b23
Courtnay Patifield,03/11/1992,222241.72,44,2955ecd5-d293-4f04-b530-c840e0418df5
Murray Moggie,11/05/1989,286867.57,13,9c11ea2c-349a-4eef-8533-334bfe7b643d
Chadwick Gilford,11/21/1979,75192.29,9,a792afb6-3a70-4fc3-a9d0-8c882f144e26
Kaycee Clempton,07/29/1982,932281.12,58,c0e4ca86-debc-4b50-99c1-80fd24d901c4
Skelly Machen,12/09/1970,707158.25,47,803bdbe7-2828-4c79-80fe-fc433519bf33
Kissie Zorener,09/16/1955,654378.51,54,a5f5ee4c-f1c5-42ba-bf49-b160dc59c07b
Erskine Schankel,05/09/1990,372491.71,28,5ee19e58-f492-4d00-b800-40d74ea7e595
Kenyon Dallander,01/27/1984,717247.67,14,7a9b06a2-5d70-475a-a9dd-baadeb8d9621
Alexis Lapley,11/12/1963,339728.78,5,771bc45d-b693-4267-a7b2-42a31c581dc9
Trude Castledine,08/23/1952,642611.63,18,1e1d7c70-fb13-4281-9576-6822d120f71a
Paxon Swaisland,08/27/1994,842702.92,38,0d8966d1-b445-4400-997e-10f3378020dd
Donnajean Tarbatt,01/20/1970,523354.76,29,f2b83155-14d4-42fd-acd9-187a0467af9f
Lacee Piercey,01/14/1988,459651.62,34,83809836-cf54-452a-bc16-7542bd9749c4
Wendall Rockcliffe,01/04/1961,387469.57,47,cbb7a13b-9a68-42c9-a505-771544ad1803
Tam Knutton,02/09/1991,79787.37,31,fcacfff5-bed4-4716-9091-e5d996995547
Molli Piddlehinton,12/26/1959,647880.9,46,81231863-5dc6-4d8f-9283-f6b2b3ed5516
Minor Bawles,03/05/1951,615916.6,9,ea9805bc-1b52-4052-b1ec-7de7713b5c2f
Marlene Pearlman,12/19/1987,225502.45,58,58b5d4a3-1382-432c-9c2c-79c4ecab8d2a
Julius Vasichev,04/13/1981,920995.28,8,61767f8d-3ab9-46d5-8f82-bcb278cb82bb
Elvin Joint,10/13/1976,394470.94,38,2805401c-ed11-42a6-9604-a3b5a308346e
Priscilla Hassin,02/07/1999,920264.64,60,3a1d0b78-8c88-48d5-b52b-3d5401083e4b
Norene Christopherson,01/12/1955,640519.36,44,a904ecb8-91c6-46d4-8f6b-0dbb588cf4d6
Berny Kilgrove,03/17/1988,462394.59,42,ddb2bee2-16b4-4ff6-bf7c-da96324fee76
Odetta Phipson,10/08/2000,521960.49,8,013e6951-cbe8-4dd9-82a9-4657ceee6773
Twila O'Shesnan,03/14/1986,690292.86,7,b032cda5-1ab4-47d2-b527-432be9d23696
Lanie Umbers,12/04/1956,394204.17,33,c2b71c6d-8bd5-49cb-af03-fa06b0d78cac
Trude Spellessy,06/17/1973,521404.66,4,a15a88f9-d544-48da-97c9-0b28307f4876
